"s","t","mu_weighted","mu_unweighted","simultaneous_lower","simultaneous_upper","simultaneous_excludes_zero"
52,64,-0.00677684639697694,-0.0328669154413871,-0.035549535653013,0.0219958428590591,0
52.25,64,-0.00685711711600989,-0.0331853295627133,-0.0358596879873468,0.022145453755327,0
52.5,64,-0.00693259727099634,-0.0334868457265432,-0.0361507705128595,0.0222855759708668,0
52.75,64,-0.00699961231567502,-0.0337583606461419,-0.0364074545894031,0.022408229958053,0
53,64,-0.00705448770378456,-0.0339867710347743,-0.0366143572240966,0.0225053818165275,0
53.25,64,-0.00701950884269395,-0.0339291099778095,-0.0363785453387018,0.0223395276533139,0
53.5,64,-0.00696161924702985,-0.033789712367332,-0.0360490068920315,0.0221257683979718,0
53.75,64,-0.00687388108064768,-0.0335438615265988,-0.0355950404889332,0.0218472783276378,0
54,64,-0.00674943949074635,-0.0331671274826951,-0.0349861689928167,0.021487290011324,0
54.25,64,-0.00640246303695112,-0.0320150071422051,-0.0333457686742283,0.0205408426003261,0
54.5,64,-0.00600636719743573,-0.030687653187224,-0.0314989496808363,0.0194862152859648,0
54.75,64,-0.0055548193459584,-0.0291625802692199,-0.0294183916560072,0.0183087529640904,0
55,64,-0.00504263245047549,-0.0274213679912939,-0.0270811082008913,0.0169958432999403,0
55.25,64,-0.00446303215691694,-0.0254412028122275,-0.0244584029408714,0.0155323386270375,0
55.5,64,-0.00381627606793844,-0.0232216967997832,-0.0215492473146602,0.0139166951787833,0
55.75,64,-0.00310389596311137,-0.0207679897922838,-0.0183628548655652,0.0121550629393425,0
56,64,-0.00233258528530145,-0.0181035053268437,-0.0149381239554648,0.0102729533848619,0
56.25,64,-0.00151287251620077,-0.0152655021678776,-0.0113481592338808,0.00832241420147921,0
56.5,64,-0.000656240598977,-0.0122947096013664,-0.00771970102997754,0.00640721983202354,0
56.75,64,0.000225161920283121,-0.00923428605880785,-0.00437658554351329,0.00482690938407953,0
57,64,0.00111767092378056,-0.00613264440682067,-0.00240991202598733,0.00464525387354846,0
57.25,64,0.00200584611019496,-0.00304425965365771,-0.00292742745114942,0.00693911967153934,0
57.5,64,0.00287449309838358,-2.27334952569544e-05,-0.00461613153444428,0.0103651177312114,0
57.75,64,0.00370938636652563,0.0028817647890985,-0.00657168105354064,0.0139904537865919,0
58,64,0.00449699713808981,0.00562163259168358,-0.00853657328868557,0.0175305675648652,0
58.25,64,0.00522410777491064,0.00815050006988021,-0.0104090031196216,0.0208572186694429,0
58.5,64,0.00587828296915738,0.0104247275218647,-0.0121297015291663,0.0238862674674811,0
58.75,64,0.00645121021430023,0.012415505675003,-0.0136648524155901,0.0265672728441905,0
59,64,0.00694025853906103,0.0141140981541372,-0.0150015135291535,0.0288820306072756,0
59.25,64,0.00734686286916164,0.0155258695982887,-0.0161395474795147,0.030833273217838,0
59.5,64,0.00767647751775059,0.0166701334396181,-0.0170917335884741,0.0324446886239753,0
59.75,64,0.00793578761386424,0.0175703271223865,-0.0178745543655786,0.0337461295933071,0
60,64,0.00813272445728002,0.0182541133005439,-0.0185080351847817,0.0347734840993417,0
60.25,64,0.00821700357618355,0.0185518280543426,-0.0188497636837851,0.0352837708361522,0
60.5,64,0.00825406736280721,0.0186858782988553,-0.0190803294366257,0.0355884641622401,0
60.75,64,0.00825238718505983,0.0186857149359585,-0.0192218439212008,0.0357266182913205,0
61,64,0.00822047836660517,0.0185809409119026,-0.0192963556603848,0.0357373123935951,0
61.25,64,0.00807835905995795,0.0180897278380426,-0.0190606264464908,0.0352173445664067,0
61.5,64,0.00792002334116011,0.0175423493224791,-0.0187870577296406,0.0346271044119608,0
61.75,64,0.0077506867020337,0.0169568798404844,-0.0184883604959524,0.0339897339000198,0
62,64,0.00757556463440082,0.0163513938673313,-0.0181771959908444,0.033328325259646,0
52,64.25,-0.00773183804272858,-0.033912314992622,-0.0360457343171346,0.0205820582316775,0
52.25,64.25,-0.0078225528465078,-0.0342416064052309,-0.0363597729393503,0.0207146672463348,0
52.5,64.25,-0.00790787954659719,-0.0345533954019165,-0.0366545869504682,0.0208388278572738,0
52.75,64.25,-0.00798368352408121,-0.0348341120398564,-0.0369145674504249,0.0209472004022625,0
53,64.25,-0.00804583016004419,-0.0350701863762277,-0.0371240470504927,0.0210323867304043,0
53.25,64.25,-0.00800729268495255,-0.0350095073599628,-0.0368894719766223,0.0208748866067173,0
53.5,64.25,-0.00794297546757147,-0.0348641813950393,-0.0365597695046592,0.0206738185695163,0
53.75,64.25,-0.00784507230399337,-0.0346086112171453,-0.0361035454394632,0.0204134008314764,0
54,64.25,-0.00770587025086489,-0.034217496608825,-0.0354896349442788,0.0200778944425491,0
54.25,64.25,-0.00731649310991859,-0.0330231201693809,-0.0338383063271931,0.0192053201073559,0
54.5,64.25,-0.00687184564792599,-0.0316472704942032,-0.0319763756814506,0.0182326843855986,0
54.75,64.25,-0.0063648035419704,-0.0300666600607999,-0.0298756841855593,0.0171460771016185,0
55,64.25,-0.00578953125065616,-0.0282622113564877,-0.0275125092868606,0.0159334467855483,0
55.25,64.25,-0.00513842267902664,-0.0262102790473295,-0.0248573803198698,0.0145805349618166,0
55.5,64.25,-0.00441175169174473,-0.0239104801721698,-0.0219089197504393,0.0130854163669499,0
55.75,64.25,-0.00361123790897626,-0.0213681422540324,-0.0186761545676271,0.0114536787496746,0
56,64.25,-0.00274440738135233,-0.0186075294270019,-0.0151983375666004,0.00970952280389571,0
56.25,64.25,-0.00182310331928799,-0.0156672314802962,-0.0115494968535602,0.00790329021498424,0
56.5,64.25,-0.000860243717731102,-0.0125894313600222,-0.00785759932099829,0.00613711188553608,0
56.75,64.25,0.000130503807539283,-0.00941882686864687,-0.00444714637158979,0.00470815398666835,0
57,64.25,0.00113376814775192,-0.00620555953080999,-0.00239335186517975,0.00466088816068358,0
57.25,64.25,0.00213218294797385,-0.00300605281408381,-0.00277582742835834,0.00704019332430604,0
57.5,64.25,0.00310865851953777,0.000124174280314358,-0.00432118152610525,0.0105384985651808,0
57.75,64.25,0.00404719506406194,0.00313315773225741,-0.00614058869566278,0.0142349788237867,0
58,64.25,0.00493257776957719,0.00597159042116019,-0.00797865893602834,0.0178438144751827,0
58.25,64.25,0.00574994342725805,0.00859144012249119,-0.00973506405146022,0.0212349509059763,0
58.5,64.25,0.00648530838082239,0.0109475028400948,-0.0113520345627939,0.0243226513244387,0
58.75,64.25,0.00712932954685022,0.0130099313226271,-0.0127968752257747,0.0270555343194752,0
59,64.25,0.00767905444385957,0.0147696687779402,-0.0140570145800805,0.0294151234677997,0
59.25,64.25,0.00813610069019696,0.0162322673370911,-0.0151319962448872,0.0314041976252811,0
59.5,64.25,0.00850660383804569,0.0174177302161612,-0.0160336989229711,0.0330469065990625,0
59.75,64.25,0.00879808111634703,0.0183503353253998,-0.0167775075224145,0.0343736697551085,0
60,64.25,0.00901944927659525,0.0190587394030239,-0.0173821895782632,0.0354210881314537,0
60.25,64.25,0.00911424605706618,0.0193670974379485,-0.0177154015675135,0.0359438936816458,0
60.5,64.25,0.00915597346369099,0.0195058946381935,-0.0179453454047128,0.0362572923320948,0
60.75,64.25,0.00915415425117398,0.0195056416547294,-0.0180928046609331,0.036401113163281,0
61,64.25,0.00911836057594112,0.0193970066653416,-0.0181784806902371,0.0364152018421194,0
61.25,64.25,0.00895863785432967,0.0188880756842318,-0.0179708217695153,0.0358880974781746,0
61.5,64.25,0.00878068867742573,0.0183209551111586,-0.0177280347955924,0.0352894121504438,0
61.75,64.25,0.00859037513370236,0.017714370650967,-0.0174619621186126,0.0346427123860173,0
62,64.25,0.0083935593116327,0.0170870480085025,-0.0171843956956513,0.0339715143189167,0
52,64.5,-0.0086663485381402,-0.0349334090347255,-0.0365640903550161,0.0192313932787357,0
52.25,64.5,-0.0087672831480464,-0.0352733248537605,-0.036881883914325,0.0193473176182322,0
52.5,64.5,-0.00886224495565974,-0.035595147851027,-0.0371802947123417,0.0194558048010222,0
52.75,64.5,-0.0089466491556483,-0.0358848522765669,-0.0374434285995256,0.019550130288229,0
53,64.5,-0.00901591094267998,-0.0361284123804215,-0.0376553286253524,0.0196235067399925,0
53.25,64.5,-0.00897389163186306,-0.0360647855536049,-0.0374214474704348,0.0194736642067087,0
53.5,64.5,-0.00890328522133085,-0.0359136690446757,-0.0370910213121187,0.019284450869457,0
53.75,64.5,-0.0087954357993782,-0.0356486054738959,-0.0366319556222415,0.0190410840234851,0
54,64.5,-0.0086417907711814,-0.0352434446109553,-0.0360123896524695,0.0187288081101067,0
54.25,64.5,-0.00821092445994218,-0.0340077944369268,-0.0343490139874866,0.0179271650676022,0
54.5,64.5,-0.00771876906590863,-0.0325845764664061,-0.0324708282998015,0.0170332901679842,0
54.75,64.5,-0.00715742558225094,-0.030949719652087,-0.0303488302930727,0.0160339791285708,0
55,64.5,-0.00652042389401962,-0.0290835046422986,-0.0279585591134954,0.0149177113254562,0
55.25,64.5,-0.00579934404437003,-0.0269614736478634,-0.0252697723411808,0.0136710842524407,0
55.5,64.5,-0.0049944758045031,-0.0245832485634042,-0.0222807513915429,0.0122917997825367,0
55.75,64.5,-0.00410772259729346,-0.0219543402333645,-0.0190003589746479,0.010784913780061,0
56,64.5,-0.00314742518765417,-0.0190998338464548,-0.0154682431757686,0.00917339280046026,0
56.25,64.5,-0.00212671326195449,-0.0160596192727154,-0.0117594258311022,0.00750599930719322,0
56.5,64.5,-0.00105990902890924,-0.0128772993233244,-0.00800323424721939,0.00588341618940092,0
56.75,64.5,3.78334691798449e-05,-0.00959907538402231,-0.00452504408618104,0.00460071102454073,0
57,64.5,0.00114947281456344,-0.00627677744920568,-0.0023842031957939,0.00468314882492078,0
57.25,64.5,0.00225575798925441,-0.00296873214755507,-0.00263369948905576,0.00714521546756458,0
57.5,64.5,0.00333774472691744,0.00026766878836696,-0.00403997456574205,0.0107154640195769,0
57.75,64.5,0.00437769708159758,0.00337870832211549,-0.00572824610330676,0.0144836402665019,0
58,64.5,0.00535875043909118,0.00631341444710927,-0.00744455828160709,0.0181620591597895,0
58.25,64.5,0.00626443138416003,0.00902213120427024,-0.00908976828136659,0.0216186310496866,0
58.5,64.5,0.00707924118689049,0.0114581266701222,-0.0106074429382891,0.02476592531207,0
58.75,64.5,0.00779282833628909,0.0135905397456631,-0.0119659064289736,0.0275515631015517,0
59,64.5,0.00840192575239527,0.0154100006707681,-0.0131529088820773,0.0299567603868678,0
59.25,64.5,0.00890832982154537,0.0169222447096121,-0.0141676692380394,0.0319843288811301,0
59.5,64.5,0.00931884269557278,0.0181479488259345,-0.0150211843041119,0.0336588696952575,0
59.75,64.5,0.00964179582095413,0.0191122118566646,-0.0157277806885573,0.0350113723304655,0
60,64.5,0.00988707022223387,0.0198446615136624,-0.016305020979407,0.0360791614238748,0
60.25,64.5,0.00999215864325602,0.0201634153922946,-0.0166301831510266,0.0366145004375386,0
60.5,64.5,0.0100384494647004,0.0203068491893288,-0.0168596281580863,0.0369365270874871,0
60.75,64.5,0.0100364942319245,0.0203065086676382,-0.0170128719815345,0.0370858604453835,0
61,64.5,0.0099968992209272,0.0201941024718962,-0.0171093301791773,0.0371031286210317,0
61.25,64.5,0.00981995142588816,0.019667865491261,-0.0169286031688655,0.0365685060206418,0
61.5,64.5,0.00962281033274257,0.0190814618260793,-0.0167153461832662,0.0359609668487513,0
61.75,64.5,0.0094119707298543,0.0184542532709071,-0.0164805741203657,0.0353045155800744,0
62,64.5,0.0091939274055873,0.0178056016203005,-0.0162352505793213,0.0346231053904959,0
52,64.75,-0.00956121120203072,-0.0359115256680205,-0.0370853272976157,0.0179629048935543,0
52.25,64.75,-0.00967193314584512,-0.0362616160035141,-0.0374066000827282,0.0180627337910379,0
52.5,64.75,-0.00977612229558628,-0.0365930482038197,-0.0377083352802617,0.0181560906890892,0
52.75,64.75,-0.00986876268495293,-0.0368913600771431,-0.0379743573723716,0.0182368320024657,0
53,64.75,-0.00994483834764361,-0.0371420894316895,-0.0381884236872753,0.0182987469919881,0
53.25,64.75,-0.00989948315893134,-0.0370756431524866,-0.0379547379640637,0.018155771646201,0
53.5,64.75,-0.00982285215622128,-0.0369189852315723,-0.0376231193621404,0.0179774150496978,0
53.75,64.75,-0.00970547562932212,-0.0366448347175021,-0.0371607864793538,0.0177498352207096,0
54,64.75,-0.00953799681642134,-0.0362262274811883,-0.0365351954373489,0.0174592018045062,0
54.25,64.75,-0.00906739320966695,-0.0349510610777168,-0.0348592315391666,0.0167244451198327,0
54.5,64.75,-0.00852973612019435,-0.0334824912453436,-0.0329643511376054,0.0159048788972167,0
54.75,64.75,-0.00791638459467057,-0.0317956967050623,-0.0308207275198634,0.0149879583305223,0
55,64.75,-0.00722026076111947,-0.0298703435387634,-0.0284031804812265,0.0139626589589875,0
55.25,64.75,-0.00643216517182444,-0.0276811960822473,-0.0256807208854492,0.0128163905418004,0
55.5,64.75,-0.00555240285545423,-0.0252278808188711,-0.0226513060841083,0.0115465003731999,0
55.75,64.75,-0.00458305327557293,-0.0225160841109637,-0.0193236603730978,0.010157553821952,0
56,64.75,-0.00353323748840859,-0.019571677298065,-0.0157378547954236,0.00867137981860644,0
56.25,64.75,-0.00241731729324348,-0.0164357950828848,-0.0119699450096801,0.00713531042319317,0
56.5,64.75,-0.0012509597725825,-0.01315339980751,-0.00815071424852275,0.00564879470335775,0
56.75,64.75,-5.07425798721601e-05,-0.00977213255254991,-0.00460660620096599,0.00450512104122167,0
57,64.75,0.00116469314198359,-0.00634544003174021,-0.00238147622541646,0.00471086250938364,0
57.25,64.75,0.00237429134982554,-0.0029334711505031,-0.00250297769871968,0.00725156039837077,0
57.5,64.75,0.00355733156615037,0.000404589218620754,-0.00377671595126231,0.0108913790835631,0
57.75,64.75,0.00469441505932321,0.00361334552700929,-0.00534077625685297,0.0147296063754994,0
58,64.75,0.00576709712428057,0.0066402316457618,-0.00694209771063901,0.0184762919592002,0
58.25,64.75,0.00675736217519178,0.00943403690231126,-0.00848245965220734,0.0219971840025909,0
58.5,64.75,0.00764826042495724,0.0119465663937067,-0.00990660094174388,0.0252031217916584,0
58.75,64.75,0.00842847453767147,0.0141459882860655,-0.0111837573150553,0.0280407063903982,0
59,64.75,0.00909443611878122,0.0160226331779727,-0.0123019503710959,0.0304908226086583,0
59.25,64.75,0.00964811276325966,0.0175824116976948,-0.0132600756289609,0.0325563011554802,0
59.5,64.75,0.0100969450536649,0.0188466459256237,-0.0140682801749951,0.0342621702823248,0
59.75,64.75,0.010450044251263,0.0198412207290338,-0.0147398871011652,0.0356399756036911,0
60,64.75,0.0107182149132418,0.0205966935120747,-0.0152913238361479,0.0367277536626315,0
60.25,64.75,0.0108331600870861,0.020925401428222,-0.0156089173246673,0.0372752374988396,0
60.5,64.75,0.0108838214343056,0.0210732749203453,-0.015837891240727,0.0376055341093382,0
60.75,64.75,0.0108817358263478,0.0210728508505095,-0.0159965716683693,0.037760043321065,0
61,64.75,0.0108384999690982,0.020956834089835,-0.0161031675024719,0.0377801674406683,0
61.25,64.75,0.0106450547778539,0.0204140270920083,-0.015947811605548,0.0372379211612558,0
61.5,64.75,0.0104295325374977,0.0198091603925296,-0.0157623742744366,0.0366214393494319,0
61.75,64.75,0.0101990340068714,0.0191622048265781,-0.0155570957046495,0.0359551637183923,0
62,64.75,0.00996065994481717,0.0184931312293338,-0.0153421636407709,0.0352634835304052,0
52,65,-0.0103972593532189,-0.0368279929928294,-0.0375878409830573,0.0167933222766195,0
52.25,65,-0.0105171279651233,-0.0371876109497034,-0.0379121773626169,0.0168779214323704,0
52.5,65,-0.010629940363779,-0.0375280415902392,-0.0382168317345953,0.0169569510070373,0
52.75,65,-0.0107302775865716,-0.0378344141624542,-0.0384853605946208,0.0170248054214776,0
53,65,-0.0108127206708866,-0.0380918579143653,-0.0387012490490716,0.0170758077072984,0
53.25,65,-0.0107642447416631,-0.0380227787503585,-0.0384673413366176,0.0169388518532914,0
53.5,65,-0.010681979920156,-0.0378609398710594,-0.0381341917851518,0.0167702319448399,0
53.75,65,-0.010555695856345,-0.0375782893686149,-0.037668367977602,0.016556976264912,0
54,65,-0.0103752841513101,-0.0371471012116259,-0.0370366781505707,0.0162861098479506,0
54.25,65,-0.00986753548173787,-0.0358349512246242,-0.0353482621623398,0.015613191198864,0
54.5,65,-0.00928734547959367,-0.0343239349725264,-0.0334370573627289,0.0148623664035416,0
54.75,65,-0.00862537970709976,-0.0325885288817067,-0.0312724572116079,0.0140216977974084,0
55,65,-0.0078739922325092,-0.0306078237359186,-0.0288286034073779,0.0130806189423595,0
55.25,65,-0.00702325498026714,-0.0283558558188986,-0.0260738088016491,0.0120272988411148,0
55.5,65,-0.00607348729383878,-0.0258322557839551,-0.0230057328134769,0.0108587582257993,0
55.75,65,-0.00502693319132457,-0.0230428742675133,-0.0196329900171074,0.00957912363445828,0
56,65,-0.0038934430678172,-0.020014318494695,-0.0159960865923735,0.0082092004567391,0
56.25,65,-0.00268853036219813,-0.0167888884485537,-0.0121721181058471,0.00679505738145084,0
56.5,65,-0.00142911918882199,-0.0134128191288157,-0.00829337661651737,0.0054351382388734,0
56.75,65,-0.000133117824693703,-0.00993509932184525,-0.00468755747184722,0.00442132182245981,0
57,65,0.00117933734778081,-0.00641068914814593,-0.00238377239855164,0.00474244709411327,0
57.25,65,0.00248550314547612,-0.00290144331935945,-0.00238528286039139,0.00735628915134363,0
57.5,65,0.00376299888286431,0.000531774760795661,-0.00353524121273445,0.0110612389784631,0
57.75,65,0.00499087163742939,0.00383199831527534,-0.004983805580515,0.0149655488553738,0
58,65,0.00614919980279405,0.00694516899334867,-0.00647845940323594,0.018776859008824,0
58.25,65,0.00721852632992846,0.00981862080370805,-0.00792168886555947,0.0223587415254164,0
58.5,65,0.0081805451326181,0.0124027893926078,-0.00925924883259518,0.0256203390978314,0
58.75,65,0.00902303610605193,0.0146649342857886,-0.010461177579449,0.0285072497915528,0
59,65,0.00974214919713041,0.0165951056449056,-0.0115157198613544,0.0310000182556152,0
59.25,65,0.0103400120153925,0.018199378283182,-0.0124214568295055,0.0331014808602905,0
59.5,65,0.0108246618756548,0.0194996781719146,-0.0131877313850527,0.0348370551363623,0
59.75,65,0.0112059389308509,0.0205226259553597,-0.0138269323324067,0.0362388101941084,0
60,65,0.0114955109686647,0.0212996492778761,-0.0143544369718687,0.037345458909198,0
60.25,65,0.0116196691408895,0.0216376750565714,-0.0146649402300269,0.0379042785118059,0
60.5,65,0.0116744154409765,0.021789704799327,-0.0148933693691534,0.0382422002511065,0
60.75,65,0.0116722077334803,0.0217892030791673,-0.0150569536184921,0.0384013690854526,0
61,65,0.0116255684879888,0.0216698072774266,-0.0151727900390268,0.0384239270150043,0
61.25,65,0.0114167029134472,0.0211114903193516,-0.0150408582931113,0.0378742641200056,0
61.5,65,0.0111839995220779,0.0204893417357972,-0.0148811114969207,0.0372491105410765,0
61.75,65,0.0109351254811355,0.0198239024442533,-0.0147030780166543,0.0365733289789253,0
62,65,0.0106777479578747,0.0191357133622103,-0.0145162323984693,0.0358717283142187,0
52,65.25,-0.0119616607246676,-0.0383463086046288,-0.0379780391662591,0.0140547177169238,0
52.25,65.25,-0.0120986143019204,-0.038721776110524,-0.0383015671835967,0.0141043385797559,0
52.5,65.25,-0.0122275349460281,-0.0390771737854032,-0.0386054676553592,0.0141503977633029,0
52.75,65.25,-0.0123422516199312,-0.0393969496815465,-0.0388730105339475,0.0141885072940851,0
53,65.25,-0.0124365932865699,-0.0396655518512334,-0.0390873871709787,0.0142142005978389,0
53.25,65.25,-0.0123823254985785,-0.039592007945909,-0.0388535921810686,0.0140889411839117,0
53.5,65.25,-0.0122895788765356,-0.0394214559436051,-0.0385196265505534,0.0139404687974823,0
53.75,65.25,-0.0121467035704096,-0.0391245584884507,-0.0380512990130768,0.0137578918722576,0
54,65.25,-0.0119421884778015,-0.0386723192072872,-0.0374146627189769,0.0135302857633739,0
54.25,65.25,-0.011365160193999,-0.0372984110500187,-0.0357267714137925,0.0129964510257945,0
54.5,65.25,-0.0107056356995113,-0.0357165284809605,-0.0338120037278477,0.012400732328825,0
54.75,65.25,-0.00995298641738891,-0.0338999768771062,-0.0316386909347201,0.0117327180999423,0
55,65.25,-0.00909850633542772,-0.0318268877376502,-0.029180063909751,0.0109830512388956,0
55.25,65.25,-0.00813090825064066,-0.029470081958622,-0.0264036521046067,0.0101418356033254,0
55.5,65.25,-0.00705053759579889,-0.026829198605152,-0.0233066426029687,0.00920556741137096,0
55.75,65.25,-0.00585994532753793,-0.0239103625693176,-0.0198975355339782,0.00817764487890235,0
56,65.25,-0.00457034272517059,-0.0207414085213035,-0.0162175016699055,0.00707681621956435,0
56.25,65.25,-0.00319939228865487,-0.0173665796443308,-0.0123454158278281,0.00594663125051833,0
56.5,65.25,-0.0017663639091824,-0.0138342330945617,-0.00841696885317969,0.00488424103481488,0
56.75,65.25,-0.00029164900455462,-0.0101956048809981,-0.0047642571831465,0.00418095917403726,0
57,65.25,0.00120182576641713,-0.00650817878900085,-0.0023753920549652,0.00477904358779946,0
57.25,65.25,0.00268816894822298,-0.00283665428765323,-0.00214634380557176,0.00752268170201771,0
57.5,65.25,0.00414190184178593,0.000755305941837818,-0.00301772309317566,0.0113015267767475,0
57.75,65.25,0.00553917135018799,0.0042081147768273,-0.00419726591751737,0.0152756086178934,0
58,65.25,0.00685729997024347,0.00746522515761771,-0.00544083181076009,0.019155431751247,0
58.25,65.25,0.00807414094993178,0.010471543775094,-0.00665428370639549,0.022802565606259,0
58.5,65.25,0.00916885740531537,0.0131752221926163,-0.007786385700859,0.0261241005114897,0
58.75,65.25,0.0101275448765679,0.0155420040222804,-0.00880925542658211,0.0290643451797179,0
59,65.25,0.0109458279863531,0.0175614711299467,-0.00971166929566266,0.0316033252683688,0
59.25,65.25,0.0116261330830021,0.0192399717990514,-0.0104914908620114,0.0337437570280155,0
59.5,65.25,0.0121776110418368,0.0206004390255048,-0.0111560860498558,0.0355113081335293,0
59.75,65.25,0.0126114620862851,0.0216707206689127,-0.011715631984818,0.0369385561573881,0
60,65.25,0.0129409646739819,0.0224836960247517,-0.0121830338778755,0.0380649632258394,0
60.25,65.25,0.0130823148563669,0.0228372607027136,-0.0124723302017633,0.0386369599144972,0
60.5,65.25,0.0131446854236165,0.0229962180938501,-0.0126945537440554,0.0389839245912883,0
60.75,65.25,0.0131422526413738,0.0229955803974514,-0.0128643490895749,0.0391488543723226,0
61,65.25,0.013089266280986,0.0228705406282028,-0.0129962034685085,0.0391747360304804,0
61.25,65.25,0.0128516305359404,0.0222863463873285,-0.0129151866218588,0.0386184476937396,0
61.5,65.25,0.012586871812401,0.0216353643220713,-0.0128116091840826,0.0379853528088845,0
61.75,65.25,0.0123037140622575,0.0209390864377866,-0.0126933691647299,0.0373007972892449,0
62,65.25,0.0120108812373999,0.0202190047398299,-0.0125683070664702,0.03659006954127,0
52,65.5,-0.0134050234453226,-0.0397445350653335,-0.038520946249666,0.0117108993590209,0
52.25,65.5,-0.0135577451120454,-0.0401345880663838,-0.03884427748171,0.0117287872576192,0
52.5,65.5,-0.0137015322484321,-0.040503759457465,-0.0391479398361353,0.0117448753392711,0
52.75,65.5,-0.0138295195987984,-0.0408358706691834,-0.0394148607910726,0.0117558215934757,0
53,65.5,-0.0139348419074601,-0.0411147431321443,-0.0396278823045552,0.011758198489635,0
53.25,65.5,-0.0138752224851502,-0.0410371041336011,-0.0393910725325442,0.0116406275622439,0
53.5,65.5,-0.0137727950793468,-0.0408585490091722,-0.0390528298162141,0.0115072396575205,0
53.75,65.5,-0.0136145995378936,-0.0405485579429283,-0.0385781483113255,0.0113489492355384,0
54,65.5,-0.0133878299614028,-0.0400769659960298,-0.0379322685744919,0.0111566086516864,0
54.25,65.5,-0.0127468448536975,-0.0386462626134994,-0.0362358937192641,0.0107422040118691,0
54.5,65.5,-0.0120140821680628,-0.0369992063590345,-0.0343080940035051,0.0102799296673795,0
54.75,65.5,-0.0111777187366471,-0.0351080253961919,-0.0321161155252067,0.00976067805191244,0
55,65.5,-0.0102280700109217,-0.0329499688063927,-0.0296322762414443,0.00917613621960086,0
55.25,65.5,-0.00915259410901534,-0.0304967397083358,-0.0268233297270823,0.00851814150905162,0
55.5,65.5,-0.0079516606498926,-0.0277479846721842,-0.0236860630918233,0.00778274179203812,0
55.75,65.5,-0.00662810394209845,-0.0247100808161796,-0.0202290064877135,0.00697279860351665,0
56,65.5,-0.00519439149402176,-0.021411991839369,-0.0164942236539625,0.00610544066591897,0
56.25,65.5,-0.00367016956574124,-0.0178997483946026,-0.0125626845138364,0.0052223453823539,0
56.5,65.5,-0.00207687338599385,-0.0142236597387739,-0.00857401130752122,0.00442026453553353,0
56.75,65.5,-0.000437186502483921,-0.010437029038043,-0.00486570579567969,0.00399133279071185,0
57,65.5,0.00122338877595993,-0.00659966150321089,-0.00239091081859699,0.00483768837051684,0
57.25,65.5,0.00287605486625742,-0.0027788733486014,-0.00195617060224624,0.00770828033476108,0
57.5,65.5,0.00449247333455753,0.000959097835013526,-0.00258383243019121,0.0115687790993063,0
57.75,65.5,0.00604611397067188,0.00455225460815571,-0.003529512837995,0.0156217407793387,0
58,65.5,0.00751175533017679,0.00794176069948134,-0.00455562344019825,0.0195791341005518,0
58.25,65.5,0.00886476781165112,0.011070290082999,-0.00557054238392189,0.0233000780072241,0
58.5,65.5,0.0100819783674506,0.0138838933542003,-0.00652541909298069,0.026689375827882,0
58.75,65.5,0.0111479276911054,0.0163469198075434,-0.00739400219072497,0.0296898575729358,0
59,65.5,0.0120577554420166,0.0184485206457225,-0.00816539071251516,0.0322809015965485,0
59.25,65.5,0.0128141637061349,0.020195295757453,-0.00883676069640204,0.0344650881086719,0
59.5,65.5,0.013427331265802,0.0216111044610652,-0.00941366059180736,0.0362683231234115,0
59.75,65.5,0.0139097138189314,0.0227249234414805,-0.00990432861173198,0.0377237562495948,0
60,65.5,0.0142760766362876,0.0235709672356049,-0.010319542745369,0.0388716960179443,0
60.25,65.5,0.0144332965007875,0.023938825409539,-0.0105899061716976,0.0394564991732726,0
60.5,65.5,0.0145027046634934,0.0241041557753188,-0.0108059890925387,0.0398113984195254,0
60.75,65.5,0.014500063657684,0.0241033940352257,-0.0109802322377634,0.0399803595531313,0
61,65.5,0.0144412177386717,0.0239731640716946,-0.0111249010815127,0.0400073365588561,0
61.25,65.5,0.0141770238250835,0.023365168485815,-0.0110871877227619,0.039441235372929,0
61.5,65.5,0.0138826743611579,0.0226876660089839,-0.01103145451542,0.0387968032377358,0
61.75,65.5,0.0135678688284066,0.0219630234445694,-0.0109642264224175,0.0380999640792306,0
62,65.5,0.0132423067083414,0.0212136075959401,-0.0108919655077403,0.037376578924423,0
52,65.75,-0.01468189516872,-0.0409812230768765,-0.0391713159239164,0.00980752558647638,0
52.25,65.75,-0.0148485746594845,-0.041384159234931,-0.039495204662706,0.00979805534373692,0
52.5,65.75,-0.015005521255108,-0.0417654973324383,-0.0397992849018967,0.00978824239168074,0
52.75,65.75,-0.0151452549883582,-0.0421085057213454,-0.0400661039556281,0.00977559397891173,0
53,65.75,-0.0152602958920027,-0.0423964527535989,-0.0402781176731095,0.00975752588910419,0
53.25,65.75,-0.015195928599049,-0.0423152190400053,-0.040035634344653,0.00964377714655499,0
53.5,65.75,-0.0150849199846814,-0.0421296198235721,-0.0396901772962198,0.009520337326857,0
53.75,65.75,-0.01491314965697,-0.0418080916137965,-0.0392059219985073,0.00937962268456718,0
54,65.75,-0.0146666652073823,-0.0413194380582251,-0.038547291320989,0.00921396090622434,0
54.25,65.75,-0.0139690364718052,-0.0398386302787796,-0.0368344479262317,0.00889637498262131,0
54.5,65.75,-0.0131714117725537,-0.0381340744770377,-0.0348854195133814,0.00854259596827387,0
54.75,65.75,-0.0122609101511389,-0.0361770480579659,-0.0326664119378224,0.00814459163554463,0
55,65.75,-0.0112269805815494,-0.0339440212720528,-0.0301488872346059,0.00769492607150708,0
55.25,65.75,-0.0100559700149903,-0.0314057110436473,-0.0272988824085191,0.00718694237853852,0
55.5,65.75,-0.0087482696647821,-0.028561770182199,-0.0241128876586488,0.00661634832908458,0
55.75,65.75,-0.00730696478377538,-0.0254187983347749,-0.0205996108653194,0.0059856812977686,0
56,65.75,-0.00574563529742207,-0.0220067555904923,-0.016802184927948,0.00531091433310391,0
56.25,65.75,-0.0040856840698805,-0.0183732502026277,-0.0128038639373012,0.00463249579754016,0
56.5,65.75,-0.00235046370666698,-0.0145703143575132,-0.00874851810715902,0.00404759069382507,0
56.75,65.75,-0.00056468739583435,-0.0106530757200465,-0.0049799111579962,0.0038505363663275,0
57,65.75,0.00124386184369972,-0.00668338838182742,-0.00242406087134335,0.00491178455874278,0
57.25,65.75,0.00304381305291782,-0.00273087801774206,-0.00181561137639886,0.00790323748223451,0
57.5,65.75,0.0048042955020752,0.0011359452454666,-0.00224042881813887,0.0118490198222893,0
57.75,65.75,0.00649640839448897,0.00485295670114219,-0.0029923623292913,0.0159851791182692,0
58,65.75,0.00809267760822738,0.00835929972671336,-0.00383887362353128,0.020024228839986,0
58.25,65.75,0.00956627494270116,0.0115956778455754,-0.00469014954236195,0.0238226994277643,0
58.5,65.75,0.0108919586453848,0.0145062874714197,-0.00549915635034781,0.0272830736411175,0
58.75,65.75,0.0120528925222073,0.0170542474695363,-0.00624084851657421,0.0303466335609889,0
59,65.75,0.0130437867228823,0.0192283291141274,-0.00690446309522978,0.0329920365409943,0
59.25,65.75,0.0138675874576773,0.0210353544427003,-0.00748655096192204,0.0352217258772766,0
59.5,65.75,0.0145353837110049,0.0225000003386267,-0.00799105202243344,0.0370618194444432,0
59.75,65.75,0.0150607429237337,0.0236522397100726,-0.00842458024380188,0.0385460660912693,0
60,65.75,0.015459746983411,0.0245274654430206,-0.00879616977961849,0.0397156637464405,0
60.25,65.75,0.0156310194007556,0.0249079387355753,-0.0090499112014899,0.0403119500030011,0
60.5,65.75,0.015706658904536,0.0250788946708175,-0.00925971382722461,0.0406730316362965,0
60.75,65.75,0.0157038327278134,0.0250780251623676,-0.0094362317800783,0.0408438972357051,0
61,65.75,0.0156397971016588,0.0249432168030142,-0.0095899340298971,0.0408695282332148,0
61.25,65.75,0.0153520845342255,0.0243142178900824,-0.00958691032632306,0.0402910793947741,0
61.5,65.75,0.0150315309307139,0.0236133126305226,-0.00956961073002692,0.0396326725914547,0
61.75,65.75,0.0146886996487694,0.0228636398013503,-0.00954346775561617,0.038920867053155,0
62,65.75,0.0143341540460378,0.0220883381795812,-0.00951384411840378,0.0381821522104795,0
52,66,-0.0157473196166113,-0.0420155532551246,-0.0398611089534908,0.0083664697202682,0
52.25,66,-0.0159256586728049,-0.0424292383630012,-0.0401863279303237,0.00833501058471384,0
52.5,66,-0.0160935975033019,-0.0428207285289739,-0.0404915142951531,0.00830431928854927,0
52.75,66,-0.0162431423505873,-0.0431728312663575,-0.0407588243018435,0.00827253960066889,0
53,66,-0.0163662994571458,-0.0434683540884662,-0.0409703184159567,0.00823771950166509,0
53.25,66,-0.0162979497934133,-0.0433841551690543,-0.0407203581461146,0.00812445855928806,0
53.5,66,-0.0161797548226954,-0.0431927166248725,-0.0403657137598328,0.00800620411444204,0
53.75,66,-0.0159966243926602,-0.0428616053607543,-0.0398697994637674,0.00787655067844699,0
54,66,-0.0157336478126746,-0.0423587656315931,-0.0391962781199162,0.00772898249456692,0
54.25,66,-0.0149886572415412,-0.0408362477453126,-0.0374613108360105,0.00748399635292801,0
54.5,66,-0.0141368016036106,-0.0390838199831193,-0.0354855143211662,0.00721191111394514,0
54.75,66,-0.0131643157941124,-0.0370719675979075,-0.0332341738862358,0.00690554229801113,0
55,66,-0.0120599245489731,-0.0347765119333813,-0.0306780157289619,0.00655816663101573,0
55.25,66,-0.0108090457998788,-0.0321673487936028,-0.027782476793634,0.00616438519387634,0
55.5,66,-0.00941208908172628,-0.0292441356023923,-0.0245438768612605,0.00571969869780797,0
55.75,66,-0.00787234945973309,-0.026013657279055,-0.0209712396797239,0.00522654076025774,0
56,66,-0.00620433673635763,-0.0225067039301883,-0.0171088713424259,0.00470019786971062,0
56.25,66,-0.00443092204603839,-0.0187721981765926,-0.0130423550398954,0.00418051094781863,0
56.5,66,-0.00257706062818902,-0.0148636076937457,-0.00891991692332907,0.00376579566695103,0
56.75,66,-0.000669162125671916,-0.0108375802905916,-0.00509239294596981,0.00375406869462598,0
57,66,0.00126308410653377,-0.00675767709628002,-0.00246759231927605,0.00499376053234359,0
57.25,66,0.00318615609973047,-0.00269544782316231,-0.00172349433681383,0.00809580653627477,0
57.5,66,0.00506706645091085,0.00127870412940031,-0.00199059751534301,0.0121247304171647,0
57.75,66,0.00687493285531822,0.00509888181357349,-0.0025921209192105,0.016341986629847,0
58,66,0.00858039821690939,0.00870254548730854,-0.00329947054657193,0.0204602669803907,0
58.25,66,0.010154796535216,0.0120287571880607,-0.00402412260941469,0.0243337156798467,0
58.5,66,0.0115711568389501,0.0150201686949281,-0.00472037279879997,0.0278626864767003,0
58.75,66,0.0128114919254945,0.0176388740220729,-0.0053640019086899,0.0309869857596789,0
59,66,0.0138701528156769,0.0198733281667412,-0.00594423784840926,0.033684543479763,0
59.25,66,0.014750289712902,0.0217305383770418,-0.00645709994374676,0.0359576793695507,0
59.5,66,0.0154637523982084,0.0232358626904647,-0.00690517251692131,0.0378326773133382,0
59.75,66,0.0160250376169521,0.0244201039131317,-0.00729378851737733,0.0393438637512816,0
60,66,0.016451327845093,0.0253196364829047,-0.00763064262892299,0.0405332983191091,0
60.25,66,0.0166343463030709,0.025710619738244,-0.00787011110257637,0.0411388037087182,0
60.5,66,0.0167151937148128,0.0258862638770571,-0.00807340609669254,0.0415037935263182,0
60.75,66,0.0167122115523265,0.0258853071800313,-0.00824982874438961,0.0416742518490427,0
61,66,0.0166438363680401,0.0257466880200574,-0.00840849317263823,0.0416961659087184,0
61.25,66,0.0163364631105746,0.0251001955903022,-0.00843101107712223,0.0411039372982713,0
61.5,66,0.015994003878691,0.0243797982720898,-0.00844214987190087,0.0404301576292829,0
61.75,66,0.0156277441871467,0.0236092778354566,-0.00844653916560177,0.0397020275398951,0
62,66,0.015248969550699,0.0228124160504392,-0.00844873088745264,0.0389466699888507,0
52,66.25,-0.0166153875940315,-0.0428197512575267,-0.0404717676666981,0.00724099247863512,0
52.25,66.25,-0.0168032415774402,-0.0432417835029677,-0.0407986935716521,0.00719221041677166,0
52.5,66.25,-0.0169801502651996,-0.0436411576424837,-0.0411053114270618,0.00714501089666254,0
52.75,66.25,-0.0171377002744642,-0.0440003235657952,-0.0413734054603769,0.00709800491144844,0
53,66.25,-0.0172674782223882,-0.0443017311626217,-0.0415846620071054,0.00704970556232911,0
53.25,66.25,-0.0171958599405983,-0.0442152429476409,-0.0413272814182604,0.0069355615370639,0
53.5,66.25,-0.017071779586023,-0.0440192847027047,-0.0409635029627013,0.0068199437906552,0
53.75,66.25,-0.0168793549732218,-0.0436807484993511,-0.0404561086526557,0.006697398706212,0
54,66.25,-0.0166028927552814,-0.0431669116823638,-0.0397681328600831,0.00656234734952019,0
54.25,66.25,-0.0158192001239086,-0.0416120405626285,-0.0380110553567537,0.00637265510893645,0
54.5,66.25,-0.0149230322762205,-0.0398224777838892,-0.0360090344617002,0.00616296990925925,0
54.75,66.25,-0.013899901979942,-0.0377680938839686,-0.0337266279359769,0.00592682397609299,0
55,66.25,-0.0127379424493749,-0.0354242066502781,-0.0311340189784443,0.00565813407969444,0
55.25,66.25,-0.0114218125399731,-0.0327600749108022,-0.0281962914455834,0.00535266636563712,0
55.5,66.25,-0.00995193706426411,-0.0297753594406434,-0.0249097388705973,0.00500586474206907,0
55.75,66.25,-0.00833178252393062,-0.0264769888788567,-0.0212838899134992,0.004620324865638,0
56,66.25,-0.00657661828209154,-0.0228963973704833,-0.0173643512809099,0.00421111471672679,0
56.25,66.25,-0.00471051471469534,-0.0190835274719237,-0.0132391274404002,0.00381809801100953,0
56.5,66.25,-0.00275973602469371,-0.0150929607997683,-0.00906115694196367,0.00354168489257625,0
56.75,66.25,-0.000752077430997119,-0.0109825248084057,-0.00518968779540109,0.00368553293340685,0
57,66.25,0.00128121468406623,-0.0068171052806221,-0.00251907800465137,0.00508150737278382,0
57.25,66.25,0.00330486142813053,-0.00266974493263524,-0.00167266455137795,0.00828238740763902,0
57.5,66.25,0.00528414651880047,0.00138768370606619,-0.00181488303143813,0.0123831760690391,0
57.75,66.25,0.00718656917011593,0.00528790847733041,-0.00229616258815454,0.0166693009283864,0
58,66.25,0.0089812342602445,0.00896708360413791,-0.00289209364186832,0.0208545621623573,0
58.25,66.25,0.010637974628233,0.0123629974194158,-0.00351535075917237,0.0247913000156383,0
58.5,66.25,0.0121284068375383,0.0154171031465965,-0.00412132929409699,0.0283781429691736,0
58.75,66.25,0.0134336034280634,0.0180906996332131,-0.00468639163214035,0.0315535984882672,0
59,66.25,0.0145476219560027,0.0203719965502436,-0.0051996315299069,0.0342948754419123,0
59.25,66.25,0.0154737791715093,0.0222681449179116,-0.0056565927613861,0.0366041511044046,0
59.5,66.25,0.0162245462499729,0.0238050313442699,-0.00605863990028045,0.0385077324002262,0
59.75,66.25,0.0168151790193538,0.0250141025887848,-0.00641004768451648,0.040040405723224,0
60,66.25,0.0172637589825911,0.0259324946919119,-0.00671744297719809,0.0412449609423803,0
60.25,66.25,0.0174563714026439,0.0263316334748726,-0.00694309109357783,0.0418558338988657,0
60.5,66.25,0.0175414717903497,0.0265109161208022,-0.00713841563721474,0.0422213592179142,0
60.75,66.25,0.0175383608299886,0.0265098927871873,-0.0073116605266406,0.0423883821866178,0
61,66.25,0.0174664392550472,0.0263683179235578,-0.00747089027290422,0.0424037687829985,0
61.25,66.25,0.0171430048786005,0.0257082527759147,-0.00751130967541007,0.0417973194326111,0
61.5,66.25,0.0167826506313656,0.0249727321077769,-0.00754264460231694,0.0411079458650481,0
61.75,66.25,0.0163972519576664,0.0241860365776055,-0.00756894079004873,0.0403634447053816,0
62,66.25,0.0159986843018274,0.0233724468438619,-0.00759415726368311,0.0395915258673379,0
52,66.5,-0.0171805801331995,-0.0433399926175264,-0.0409938978163348,0.00663273754993574,0
52.25,66.5,-0.0173746583152083,-0.0437673731912312,-0.0413234404906408,0.00657412386022413,0
52.5,66.5,-0.0175574337097298,-0.0441718006371845,-0.0416323526467834,0.00651748522732384,0
52.75,66.5,-0.0177202177822921,-0.0445354969228999,-0.0419020844836395,0.00646164891905523,0
53,66.5,-0.0178543219984233,-0.0448406840158902,-0.0421139887641921,0.00640534476734556,0
53.25,66.5,-0.0177805295739207,-0.0447527961830523,-0.0418492934443223,0.00628823429648086,0
53.5,66.5,-0.017652559260134,-0.0445540167953755,-0.0414765302993256,0.00617141177905755,0
53.75,66.5,-0.017454009518528,-0.0442108078574422,-0.0409580075423246,0.00604998850526857,0
54,66.5,-0.0171686738017966,-0.04369002168856,-0.0402562925332968,0.00591894492970358,0
54.25,66.5,-0.0163595647014831,-0.0421146065144441,-0.038476532471651,0.00575740306868477,0
54.5,66.5,-0.0154343018006518,-0.0403014520676068,-0.0364483790194266,0.00557977541812297,0
54.75,66.5,-0.0143779243178933,-0.0382200371985297,-0.0341359018747116,0.00538005323892491,0
55,66.5,-0.0131781775669743,-0.0358453588335896,-0.0315089598900001,0.00515260475605145,0
55.25,66.5,-0.0118192220524513,-0.0331462710304102,-0.0285324885273351,0.00489404442243245,0
55.5,66.5,-0.0103014932061231,-0.0301224355427512,-0.0252029105842114,0.00459992417196524,0
55.75,66.5,-0.00862857009037464,-0.0267808723201824,-0.0215303704476535,0.00427323026690421,0
56,66.5,-0.00681622032313056,-0.0231534255749449,-0.0175617531689209,0.0039293125226598,0
56.25,66.5,-0.00488930076382867,-0.0192906876404152,-0.0133873024911073,0.00360870096344998,0
56.5,66.5,-0.00287493401367822,-0.0152479498814539,-0.00916449698374298,0.00341462895638654,0
56.75,66.5,-0.000801823899655594,-0.0110837914249613,-0.0052619306346966,0.00365828283538541,0
57,66.5,0.00129776209679508,-0.00686394201059399,-0.0025707912324115,0.00516631542600166,0
57.25,66.5,0.00338739278551669,-0.00266239536452452,-0.00167167092584842,0.0084464564968818,0
57.5,66.5,0.00543121797684864,0.00144804018590303,-0.00174369095694929,0.0126061269106466,0
57.75,66.5,0.00739567537688174,0.00539921652213266,-0.00215623158812076,0.0169475823418842,0
58,66.5,0.00924886107327536,0.00912645606659068,-0.00268828283657222,0.0211860049831229,0
58.25,66.5,0.0109596232306822,0.0125667360657965,-0.00325337359961293,0.0251726200609773,0
58.5,66.5,0.012498651923776,0.0156607464981667,-0.0038075674833746,0.0288048713309266,0
58.75,66.5,0.0138464027747716,0.0183692801698285,-0.0043274650962762,0.0320202706458194,0
59,66.5,0.0149967406155396,0.0206803909711443,-0.00480193243536464,0.0347954136664438,0
59.25,66.5,0.0159530912881651,0.0226013217712327,-0.00522618898425904,0.0371323715605893,0
59.5,66.5,0.0167283334840183,0.0241582959281715,-0.00560072856878031,0.0390573955368168,0
59.75,66.5,0.0173382209523447,0.0253831702529664,-0.00592918075931093,0.0406056226640003,0
60,66.5,0.0178014249806457,0.0263135656247361,-0.00621756860048692,0.0418204185617783,0
60.25,66.5,0.0180003295360894,0.0267178996248392,-0.00643247275348598,0.0424331318256647,0
60.5,66.5,0.0180882177668476,0.0268995028468732,-0.00661996955588562,0.0427964050895809,0
60.75,66.5,0.0180850196690982,0.0268984422060761,-0.00678773180936988,0.0429577711475663,0
61,66.5,0.0180107685484614,0.0267549915822264,-0.00694326789617931,0.0429648049931022,0
61.25,66.5,0.0176767955966866,0.0260862900097722,-0.00699123626070039,0.0423448274540736,0
61.5,66.5,0.0173046995087416,0.0253411461330641,-0.0070314159823801,0.0416408149998634,0
61.75,66.5,0.0169067427915753,0.0245441581003824,-0.0070675879948957,0.0408810735780462,0
62,66.5,0.0164951879521363,0.0237199240600076,-0.00710343799742923,0.0400938139017018,0
52,66.75,-0.0173976856448419,-0.0435370640433689,-0.0413088424160621,0.00651347112637839,0
52.25,66.75,-0.0175942066896109,-0.0439663774279064,-0.0416411339844355,0.00645272060521381,0
52.5,66.75,-0.0177792829788614,-0.0443726342558132,-0.0419524955411642,0.00639392958344138,0
52.75,66.75,-0.0179441168255317,-0.0447379763570308,-0.0422241316414586,0.00633589799039521,0
53,66.75,-0.0180799105425597,-0.0450445455614996,-0.0424371524648108,0.00627733137969136,0
53.25,66.75,-0.018005200856881,-0.0449562747320084,-0.0421666372678015,0.00615623555403944,0
53.5,66.75,-0.0178756326487433,-0.0447566124772951,-0.0417867284016651,0.00603546310417848,0
53.75,66.75,-0.0176745983332632,-0.0444118696281868,-0.0412594979185688,0.00591030125204227,0
54,66.75,-0.0173856877650852,-0.0438887490878389,-0.0405472875573614,0.00577591202719096,0
54.25,66.75,-0.0165664263855761,-0.0423062491861256,-0.0387501910621447,0.0056173382909925,0
54.5,66.75,-0.0156295519739287,-0.0404849383456927,-0.0367024622172072,0.00544335826934979,0
54.75,66.75,-0.014559915813044,-0.0383941578565954,-0.0343679907108172,0.00524815908472909,0
55,66.75,-0.0133451092742711,-0.0360087919545052,-0.0317165822101765,0.00502636366163423,0
55.25,66.75,-0.0119690940691793,-0.0332975545651675,-0.0287132890554442,0.00477510091708552,0
55.5,66.75,-0.0104323109093027,-0.0302601056610337,-0.0253548049389024,0.00449018312029703,0
55.75,66.75,-0.00873838377316512,-0.026903496771992,-0.0216519513861254,0.00417518383979514,0
56,66.75,-0.00690327829971716,-0.0232597155662055,-0.0176527495344221,0.00384619293498783,0
56.25,66.75,-0.00495216357930506,-0.0193795823747392,-0.0134493230170747,0.00354499585846458,0
56.5,66.75,-0.00291250291794007,-0.0153186377549935,-0.00920329137355845,0.00337828553767831,0
56.75,66.75,-0.000813360720185006,-0.0111357248574929,-0.00529325687204672,0.00366653543167671,0
57,66.75,0.00131259020721904,-0.00689686964868192,-0.00261584815204987,0.00524102856648794,0
57.25,66.75,0.0034284610804629,-0.00267639927952326,-0.00171631489837474,0.00857323705930054,0
57.5,66.75,0.00549795141471572,0.00145254984052756,-0.00177261834795011,0.0127685211773816,0
57.75,66.75,0.00748707736006508,0.00542152251308588,-0.00216714989945708,0.0171413046195872,0
58,66.75,0.0093635342941072,0.00916554974094185,-0.00268192497972038,0.0214089935679348,0
58.25,66.75,0.0110957791376214,0.012621324834594,-0.00323110902524948,0.0254226673004923,0
58.5,66.75,0.0126541338523189,0.0157292705605133,-0.00377106131341328,0.0290793290180511,0
58.75,66.75,0.0140188086491397,0.0184500031551461,-0.00427832737546673,0.0323159446737461,0
59,66.75,0.0151835913790114,0.020771522786478,-0.00474149311478115,0.0351086758728039,0
59.25,66.75,0.0161519509584216,0.0227011050207778,-0.00515562047435563,0.0374595223911989,0
59.5,66.75,0.0169369278516686,0.0242650913956738,-0.00552070298195165,0.0393945586852889,0
59.75,66.75,0.0175544736611452,0.0254954822434383,-0.00584013548187901,0.0409490828041693,0
60,66.75,0.0180234941481651,0.0264300679040658,-0.00611978748882385,0.0421667757851541,0
60.25,66.75,0.0182248970965196,0.0268362239558768,-0.00632725318214072,0.0427770473751799,0
60.5,66.75,0.0183138897267382,0.027018646155683,-0.00650740323318836,0.0431351826866647,0
60.75,66.75,0.0183106523016886,0.0270175818785039,-0.00666780437034725,0.0432891089737244,0
61,66.75,0.0182354696908547,0.0268734863959048,-0.00681587949057371,0.0432868188722831,0
61.25,66.75,0.0178973033650566,0.0262017735945313,-0.00686157775686864,0.0426561844869818,0
61.5,66.75,0.0175205352108759,0.025453274238275,-0.00689979697099693,0.0419408673927488,0
61.75,66.75,0.0171175817106877,0.024652697252979,-0.00693435337683522,0.0411695167982106,0
62,66.75,0.0167008593468669,0.0238247515644866,-0.00696896095266101,0.0403706796463949,0
52,67,-0.017229954944512,-0.0433797363362906,-0.0413067709226756,0.00684686103365161,0
52.25,67,-0.0174247385550702,-0.0438072343752639,-0.0416410029894743,0.00679152587933387,0
52.5,67,-0.0176081736972007,-0.0442117827670007,-0.0419541015517799,0.00673775415737856,0
52.75,67,-0.0177715370387971,-0.0445756054414862,-0.042227162218653,0.00668408814105875,0
53,67,-0.0179061052477532,-0.0448809263287048,-0.0424411916778627,0.00662898118235632,0
53.25,67,-0.0178318674788154,-0.0447933914456485,-0.0421675375917932,0.00650380263416243,0
53.5,67,-0.0177032349221917,-0.0445949770554484,-0.0417838161306709,0.00637734628628739,0
53.75,67,-0.0175037402988807,-0.0442521489844728,-0.041252171600119,0.00624469100235754,0
54,67,-0.0172171121226248,-0.0437317632835886,-0.0405350321269345,0.00610080788168494,0
54.25,67,-0.0164045722774346,-0.0421569579524099,-0.0387317740779758,0.00592262952310663,0
54.5,67,-0.0154754136043938,-0.0403444392038922,-0.0366773860158164,0.0057265588070287,0
54.75,67,-0.0144146151884352,-0.0382636897517538,-0.0343359382513557,0.00550670787448523,0
55,67,-0.0132098730926943,-0.0358897096731474,-0.0316774928302102,0.00525774664482168,0
55.25,67,-0.0118452813836666,-0.0331913633394957,-0.0286675356477143,0.00497697288038119,0
55.5,67,-0.010321280155192,-0.0301683058555925,-0.0253031488879611,0.00466058857757709,0
55.75,67,-0.00864146352396174,-0.026827554746043,-0.0215958413463276,0.00431291429840414,0
56,67,-0.00682166325124739,-0.0232009484304788,-0.0175945168932723,0.00395119039077748,0
56.25,67,-0.00488683638576896,-0.0193390721970329,-0.0133926632040415,0.00361899043250356,0
56.5,67,-0.00286421464279592,-0.0152972101892294,-0.0091554252789093,0.00342699599331747,0
56.75,67,-0.000782617171930586,-0.0111339342344056,-0.00527162182780867,0.00370638748394749,0
57,67,0.00132555861519938,-0.00691496521550573,-0.00264951283656683,0.0053006300669656,0
57.25,67,0.00342373431582629,-0.00271428569951173,-0.00180256602003291,0.00865003465168548,0
57.5,67,0.00547591486269557,0.00139530699599646,-0.00189585219163242,0.0128476819170236,0
57.75,67,0.00744840229758855,0.00534567513266589,-0.00232110960539937,0.0172179142005765,0
58,67,0.00930916350230163,0.00907215155020377,-0.00286330310486352,0.0214816301094668,0
58.25,67,0.0110269201724015,0.0125117243605227,-0.00343707349976249,0.0254909138445656,0
58.5,67,0.0125722434234942,0.0156050936924915,-0.00399872843918294,0.0291432152861714,0
58.75,67,0.013925508742393,0.0183130609421355,-0.00452449626900641,0.0323755137537923,0
59,67,0.0150805549477176,0.0206236846222532,-0.00500265735663509,0.0351637672520702,0
59.25,67,0.0160408210487224,0.0225442080703279,-0.0054282861092413,0.0375099282066862,0
59.5,67,0.0168192376207386,0.0241008510514999,-0.00580125248762041,0.0394397277290977,0
59.75,67,0.0174316224035373,0.0253254648056656,-0.00612511391255694,0.0409883587196315,0
60,67,0.0178967228481145,0.0262556628859203,-0.00640601492636243,0.0421994606225913,0
60.25,67,0.018096430318787,0.0266599378146024,-0.00660958888438263,0.0428024495219567,0
60.5,67,0.0181846663384678,0.0268415306224898,-0.00678327313311698,0.0431526058100525,0
60.75,67,0.0181814424153245,0.0268404999245347,-0.00693496604654062,0.0432978508771896,0
61,67,0.0181068737912202,0.0266971112533302,-0.00707244645393175,0.0432861940363722,0
61.25,67,0.0177715284806438,0.0260285632228592,-0.00710678727313083,0.0426498442344184,0
61.5,67,0.0173979036392306,0.0252835898300169,-0.0071330036981291,0.0419288109765904,0
61.75,67,0.0169983120551661,0.0244867838273542,-0.00715522478840765,0.0411518488987398,0
62,67,0.0165850665166355,0.0236627379674224,-0.00717747248330609,0.0403476055165772,0
52,67.25,-0.0166408821226334,-0.0428364055592947,-0.0408953249492869,0.00761356070402013,0
52.25,67.25,-0.016829351954746,-0.0432580007474715,-0.0412297449605931,0.00757104105110119,0
52.5,67.25,-0.0170068304170985,-0.0436569827492906,-0.0415429909614392,0.00752933012724221,0
52.75,67.25,-0.0171648694145364,-0.0440158346397198,-0.0418162278822031,0.00748648905313038,0
53,67.25,-0.0172950208519047,-0.0443170394937266,-0.042030539279418,0.00744049757560858,0
53.25,67.25,-0.017222775167292,-0.0442314673439796,-0.0417572988326866,0.00731174849810256,0
53.5,67.25,-0.0170978511464992,-0.0440366317356876,-0.0413742490075889,0.00717854671459042,0
53.75,67.25,-0.0169043009609953,-0.0436994876059214,-0.0408439745917544,0.00703537266976383,0
54,67.25,-0.0166263664454793,-0.0431873743331405,-0.0401293612925382,0.0068766284015796,0
54.25,67.25,-0.0158390188742557,-0.0416363990304059,-0.0383361812328801,0.00665814348436871,0
54.5,67.25,-0.0149387324067066,-0.0398511749929579,-0.0362935907351266,0.00641612592171348,0
54.75,67.25,-0.0139109595607155,-0.0378016308131956,-0.0339662419195681,0.00614432279813709,0
55,67.25,-0.0127437842122211,-0.0354631318064348,-0.0313247910560279,0.00583722263158582,0
55.25,67.25,-0.0114217952727992,-0.0328050100027071,-0.028335515848808,0.00549192530320968,0
55.5,67.25,-0.00994542577326678,-0.0298269121597148,-0.0249959787808441,0.00510512723431054,0
55.75,67.25,-0.00831815811313309,-0.0265357501977332,-0.0213183392665111,0.00468202304024494,0
56,67.25,-0.006555326856762,-0.0229628938305212,-0.0173520339902785,0.00424138027675449,0
56.25,67.25,-0.0046811031030015,-0.0191581879769075,-0.0131912643017266,0.00382905809572363,0
56.5,67.25,-0.00272186049778112,-0.015176108595131,-0.00900388321251005,0.0035601622169478,0
56.75,67.25,-0.000705509744420371,-0.0110743719678911,-0.00518861738070587,0.00377759789186513,0
57,67.25,0.00133657230891531,-0.00691773767646927,-0.00266927626377945,0.00534242088161007,0
57.25,67.25,0.00336895832216956,-0.00277910376383971,-0.00192859307571408,0.00866650972005321,0
57.5,67.25,0.00535678590445797,0.00126979966034381,-0.00211064623197066,0.0128242180408866,0
57.75,67.25,0.00726741741345681,0.00516183390657657,-0.00261448582184155,0.0171493206487552,0
58,67.25,0.00906982708937945,0.00883328110878528,-0.00322804465119119,0.0213676988299501,0
58.25,67.25,0.0107337195268108,0.0122220558038393,-0.00386624188681055,0.0253336809404322,0
58.5,67.25,0.0122305906991455,0.0152697298203296,-0.00448495723690428,0.0289461386351952,0
58.75,67.25,0.0135414309333062,0.0179376845289208,-0.00505983724170068,0.032142699108313,0
59,67.25,0.014660270073214,0.0202141591377548,-0.0055788412313964,0.0348993813778244,0
59.25,67.25,0.0155904373273857,0.0221062939249687,-0.00603722874199754,0.0372181033967689,0
59.5,67.25,0.0163444560005002,0.0236399250192768,-0.00643513014498585,0.0391240421459863,0
59.75,67.25,0.0169376468503856,0.0248464352136696,-0.00677666075935666,0.0406519544601278,0
60,67.25,0.0173881690498499,0.0257628833718926,-0.0070686627248194,0.0418450008245192,0
60.25,67.25,0.0175815901201925,0.0261612357756945,-0.00727210362314328,0.0424352838635282,0
60.5,67.25,0.0176670323042782,0.0263402005368156,-0.00744048354136194,0.0427745481499183,0
60.75,67.25,0.0176638796674113,0.0263392445272373,-0.00758246171552476,0.0429102210503473,0
61,67.25,0.0175916167601489,0.0261980384719579,-0.00770660423127724,0.042889837751575,0
61.25,67.25,0.0172667708499124,0.0255393962199696,-0.00772094433235784,0.0422544860321826,0
61.5,67.25,0.0169048445203482,0.0248054597682729,-0.00772556870361971,0.0415352577443162,0
61.75,67.25,0.0165177648039352,0.0240204579869581,-0.00772518569171258,0.040760715299583,0
62,67.25,0.0161174587331523,0.023208619746116,-0.00772439412038058,0.0399593115866851,0
52,67.5,-0.015634223406522,-0.0419154558467226,-0.0400350459571827,0.00876659914413873,0
52.25,67.5,-0.0158118431589009,-0.0423271475307844,-0.0403672263602114,0.00874354004240962,0
52.5,67.5,-0.0159790871941084,-0.0427167872274224,-0.0406783983555395,0.00872022396732278,0
52.75,67.5,-0.0161279817953226,-0.0430672904845051,-0.0409499976296882,0.00869403403904297,0
53,67.5,-0.0162505532457214,-0.0433615728499003,-0.041163387478334,0.0086622809868912,0
53.25,67.5,-0.0161818074531232,-0.0432791666232445,-0.0408945499544853,0.00853093504823894,0
53.5,67.5,-0.0160633416375083,-0.0430901939349594,-0.040517265442155,0.00839058216713849,0
53.75,67.5,-0.0158801032804519,-0.0427624259340566,-0.0399949486844662,0.00823474212356234,0
54,67.5,-0.0156172189532469,-0.0422640085748669,-0.0392913337884668,0.008056895881973,0
54.25,67.5,-0.0148733753806828,-0.0407526627400138,-0.0375273248264898,0.00778057406512429,0
54.5,67.5,-0.0140229352981813,-0.0390128503138272,-0.0355181023565468,0.00747223176018411,0
54.75,67.5,-0.0130521672938212,-0.0370152438335444,-0.0332293013247643,0.00712496673712194,0
55,67.5,-0.0119498237250805,-0.034735818015753,-0.0306325037609555,0.0067328563107946,0
55.25,67.5,-0.0107013477141107,-0.0321446831454554,-0.0276951442531261,0.00629244882490476,0
55.5,67.5,-0.00930715882340461,-0.0292414741848209,-0.0244153235915755,0.00580100594476625,0
55.75,67.5,-0.00777054658530167,-0.0260329273435766,-0.02080577994005,0.00526468676944666,0
56,67.5,-0.00610598819075152,-0.022549630864881,-0.0169160860109624,0.00470410962945939,0
56.25,67.5,-0.00433629984986464,-0.0188401945719212,-0.0128404539174877,0.00416785421775841,0
56.5,67.5,-0.00248637608633812,-0.0149577460435336,-0.00874847834215612,0.00377572616947989,0
56.75,67.5,-0.000582561710376247,-0.0109585740566942,-0.0050476195003759,0.0038824960796234,0
57,67.5,0.00134552570867355,-0.00690583443995115,-0.00267748278570813,0.00536853420305522,0
57.25,67.5,0.00326444329782291,-0.00287061628831301,-0.00209035883395848,0.00861924542960429,0
57.5,67.5,0.00514128144030154,0.00107713034459867,-0.00240674020525476,0.0126893030858578,0
57.75,67.5,0.00694523053036415,0.00487193311510465,-0.00303191523983286,0.0169223763005612,0
58,67.5,0.00864700165253777,0.00845165733604122,-0.00375647952377214,0.0210504828288477,0
58.25,67.5,0.0102179942114566,0.011755762356559,-0.0044952555651904,0.0249312439881037,0
58.5,67.5,0.0116312988958427,0.0147272735869742,-0.00520325336485267,0.0284658511565381,0
58.75,67.5,0.0128689665516364,0.0173285389254001,-0.00585525288810175,0.0315931859913745,0
59,67.5,0.0139253568999059,0.0195480980779094,-0.00643886162937511,0.0342895754291869,0
59.25,67.5,0.0148036101501921,0.02139291892778,-0.00694966367398594,0.0365568839743702,0
59.5,67.5,0.0155155475299563,0.0228881975967482,-0.00738840126849844,0.038419496328411,0
59.75,67.5,0.0160756328372791,0.024064535768227,-0.0077601012117448,0.0399113668863031,0
60,67.5,0.0165010107170157,0.0249580676281844,-0.00807268203385814,0.0410747034678896,0
60.25,67.5,0.01668359420993,0.0253465408629137,-0.00828004403394257,0.0416472324538025,0
60.5,67.5,0.0167642230084288,0.0255211167453881,-0.0084448561963636,0.0419733022132213,0
60.75,67.5,0.0167611990120844,0.0255202758578662,-0.00857692343362831,0.0420993214577971,0
61,67.5,0.0166929190022852,0.0253826975289185,-0.00868598451721113,0.0420718225217814,0
61.25,67.5,0.0163861845339958,0.0247405610384417,-0.00867278092488732,0.0414451499928789,0
61.5,67.5,0.0160444379944991,0.0240250153691984,-0.00864740266327015,0.0407362786522683,0
61.75,67.5,0.0156789410367326,0.0232596829833916,-0.00861537462948328,0.0399732567029485,0
62,67.5,0.0153009553136341,0.0224681863432246,-0.00858211218765103,0.0391840228149192,0
52,67.75,-0.0142191304908241,-0.0406273886064804,-0.0387179277704386,0.0102796667887904,0
52.25,67.75,-0.0143814623360735,-0.0410252854877826,-0.0390449188520643,0.0102819941799173,0
52.5,67.75,-0.0145342870884935,-0.0414019102387475,-0.0393513008812065,0.0102827267042194,0
52.75,67.75,-0.0146703002493689,-0.0417407795144506,-0.0396189925485449,0.010278392049807,0
53,67.75,-0.014782197319984,-0.0420254099699671,-0.0398298499014575,0.0102654552614895,0
53.25,67.75,-0.0147184276710977,-0.0419473424000113,-0.0395694037197492,0.0101325483775538,0
53.5,67.75,-0.0146091113482757,-0.0417664570410609,-0.0392030769859441,0.00998485428939273,0
53.75,67.75,-0.0144404588843312,-0.0414516594983498,-0.0386955066549822,0.00981458888631989,0
54,67.75,-0.014198844980137,-0.0409722167974486,-0.0380116671704953,0.00961397721022133,0
54.25,67.75,-0.0135164228711399,-0.0395158747304165,-0.036297111369542,0.00926426562726221,0
54.5,67.75,-0.0127363515812337,-0.0378391029184012,-0.0343441580903251,0.00887145492785768,0
54.75,67.75,-0.0118460510061667,-0.0359136078412504,-0.0321198137749932,0.00842771176265989,0
55,67.75,-0.0108352165921865,-0.0337162111705688,-0.029596902158,0.00792646897362704,0
55.25,67.75,-0.00969049729525153,-0.0312181036745118,-0.0267443721342912,0.00736337754378814,0
55.5,67.75,-0.00841229292284007,-0.0284189051232538,-0.0235608954181124,0.00673630957243222,0
55.75,67.75,-0.00700362073816258,-0.0253251077979698,-0.0200596969593669,0.00605245548304173,0
56,67.75,-0.00547774815561165,-0.0219662141618611,-0.0162900752953601,0.00533457898413676,0
56.25,67.75,-0.00385557984289894,-0.01838911760397,-0.0123455487391318,0.00463438905333389,0
56.5,67.75,-0.00215992356051609,-0.0146450717508085,-0.00839640225368443,0.00407655513265224,0
56.75,67.75,-0.000414914977617285,-0.0107883813957319,-0.00485681104133825,0.00402698108610368,0
57,67.75,0.00135231037853151,-0.00687997355074183,-0.00267906447145178,0.00538368522851481,0
57.25,67.75,0.00311110951302497,-0.00298842353734709,-0.00228622903520311,0.00850844806125306,0
57.5,67.75,0.00483132797498756,0.000818792209897308,-0.00277727493076305,0.0124399308807382,0
57.75,67.75,0.00648473534101725,0.00447851693782618,-0.00356266109967774,0.0165321317817122,0
58,67.75,0.00804449327807486,0.00793081587797239,-0.00443478681067138,0.0205237733668211,0
58.25,67.75,0.00948439254559219,0.0111172948577537,-0.00530774630103,0.0242765313922144,0
58.5,67.75,0.010779773946361,0.0139829990165291,-0.0061351298444166,0.0276946777371386,0
58.75,67.75,0.0119141849098275,0.0164916188914522,-0.00689051801270421,0.0307188878323592,0
59,67.75,0.0128824508965042,0.018632111265393,-0.00756110603464902,0.0333260078276574,0
59.25,67.75,0.0136874456332056,0.0204112041766701,-0.00814291090926752,0.0355178021756786,0
59.5,67.75,0.0143399998295963,0.0218532043075202,-0.00863760838739657,0.0373176080465892,0
59.75,67.75,0.0148533681159358,0.0229876280230937,-0.00905146114887572,0.0387581973807472,0
60,67.75,0.0152432635573116,0.0238493248425581,-0.00939381554338208,0.0398803426580052,0
60.25,67.75,0.0154105565619882,0.0242240693180589,-0.00960931614761348,0.0404304292715899,0
60.5,67.75,0.0154843960771955,0.0243925432318736,-0.00977264321962116,0.0407414353740121,0
60.75,67.75,0.0154815569248171,0.0243918569898551,-0.00989510733468657,0.0408582211843207,0
61,67.75,0.0154189009009206,0.0242593126505314,-0.00998797967790812,0.0408257814797494,0
61.25,67.75,0.0151377257256975,0.0236401036748763,-0.00994044223795147,0.0402158936893464,0
61.5,67.75,0.0148244573129341,0.0229501040383232,-0.00987745946514598,0.0395263740910142,0
61.75,67.75,0.0144894183443657,0.0222120938205992,-0.00980559328071709,0.0387844299694484,0
62,67.75,0.0141429315017274,0.0214488531014322,-0.00973129807475339,0.0380171610782082,0
52,68,-0.0124370646978261,-0.0390084637776651,-0.0369947882973856,0.0121206589017333,0
52.25,68,-0.0125801186407473,-0.0393890597653282,-0.0373134739265161,0.0121532366450215,0
52.5,68,-0.0127147616451734,-0.0397493604636986,-0.037612182869858,0.0121826595795111,0
52.75,68,-0.0128345336688444,-0.0400736355557776,-0.0378735161122616,0.0122044487745729,0
53,68,-0.0129329746694998,-0.0403461547245657,-0.0380800216586903,0.0122140723196908,0
53.25,68,-0.0128755117662832,-0.0402734813453584,-0.0378313491928612,0.0120803256602948,0
53.5,68,-0.0127777683365107,-0.0401026862929645,-0.0374805273248374,0.011924990651816,0
53.75,68,-0.0126275487105789,-0.0398040963311379,-0.0369937675906415,0.0117386701694837,0
54,68,-0.012412802554184,-0.0393483828817644,-0.036337634890199,0.011512029781831,0
54.25,68,-0.0118079204657103,-0.0379608938838413,-0.0346912153405479,0.0110753744091274,0
54.5,68,-0.0111166794002555,-0.0363630432245014,-0.0328157035509067,0.0105823447503956,0
54.75,68,-0.0103279520770112,-0.0345278325804858,-0.0306798155702495,0.010023911416227,0
55,68,-0.00943262401523219,-0.0324331445867667,-0.0282578862939185,0.00939263826345416,0
55.25,68,-0.00841886631103222,-0.0300515227491701,-0.0255206915712506,0.00868295894918614,0
55.5,68,-0.00728705330682849,-0.027382568604903,-0.0224674840364096,0.00789337742275264,0
55.75,68,-0.00603985856902816,-0.0244324690544231,-0.0191118804719854,0.00703216333392907,0
56,68,-0.00468902276605279,-0.0212293666385792,-0.0155025363685467,0.00612449083644108,0
56.25,68,-0.00325303835827461,-0.0178180046840357,-0.0117316588177114,0.00522558210116217,0
56.5,68,-0.0017520798230532,-0.0142472893854987,-0.00796919338512086,0.00446503373901446,0
56.75,68,-0.000207495146140606,-0.010569040230479,-0.00463319715353743,0.00421820686125622,0
57,68,0.00135671225190462,-0.00684139230610664,-0.00268232519003985,0.00539574969384909,0
57.25,68,0.00291343265762048,-0.00312977219956494,-0.00251439826162921,0.00834126357687018,0
57.5,68,0.0044359884797684,0.000501442088278415,-0.0032131207999279,0.0120850977594647,0
57.75,68,0.00589940407954723,0.00399199428382694,-0.00419211452781514,0.0159909226869096,0
58,68,0.00727993366778534,0.00728470514188534,-0.00524391572059709,0.0198037830561678,0
58.25,68,0.00855438586174081,0.0103238689911198,-0.00628093751895132,0.0233897092424329,0
58.5,68,0.00970094107215425,0.0130570607254105,-0.007254677145252,0.0266565592895605,0
58.75,68,0.010705035542738,0.0154496523435624,-0.00813712577740097,0.029547196862877,0
59,68,0.0115620826951979,0.0174911227204901,-0.00891496371189223,0.032039129102288,0
59.25,68,0.0122746200955369,0.0191878992809531,-0.00958470730943113,0.0341339475005049,0
59.5,68,0.0128522285071433,0.0205631745587514,-0.0101492386258602,0.0358536956401468,0
59.75,68,0.013306636600346,0.0216451055484427,-0.010616338242456,0.037229611443148,0
60,68,0.0136517507387394,0.0224669328013518,-0.0109970930422675,0.0383005945197464,0
60.25,68,0.0137997481991032,0.0228244805066031,-0.0112249203247077,0.0388244167229141,0
60.5,68,0.0138650213945475,0.0229853091213843,-0.0113890646381546,0.0391191074272496,0
60.75,68,0.0138624178843292,0.0229848130469569,-0.011502668024093,0.0392275037927514,0
61,68,0.0138068622216684,0.0228585694536851,-0.0115788591830561,0.0391925836263929,0
61.25,68,0.013557945581538,0.0222680730520772,-0.0114910918028225,0.0386069829658986,0
61.5,68,0.0132806195328462,0.0216100652824449,-0.0113838828351698,0.0379451219008623,0
61.75,68,0.0129840216961743,0.020906271262793,-0.0112650307236226,0.0372330741159713,0
62,68,0.0126772896921037,0.0201784161111267,-0.0111422297371293,0.0364968091213366,0
52,68.25,-0.01036654023748,-0.0371252917221138,-0.034975429108108,0.0142423486331481,0
52.25,68.25,-0.0104871751288073,-0.0374857894219744,-0.0352829276727192,0.0143085774151047,0
52.5,68.25,-0.0106006745162598,-0.0378271257467154,-0.0355712841698249,0.0143699351373054,0
52.75,68.25,-0.0107015608805763,-0.0381344445541165,-0.0358239424019852,0.0144208206408327,0
53,68.25,-0.0107843567024955,-0.0383928897019564,-0.0360243017961289,0.0144555883911379,0
53.25,68.25,-0.0107342540733592,-0.0383264490731871,-0.0357896124920492,0.0143211043453308,0
53.5,68.25,-0.0106499980545181,-0.038167338412884,-0.0354574789479821,0.0141574828389458,0
53.75,68.25,-0.0105212473637214,-0.0378875342685801,-0.0349959536576523,0.0139534589302095,0
54,68.25,-0.0103377841390726,-0.037459338391057,-0.0343734541842697,0.0136978859061246,0
54.25,68.25,-0.00982314811031013,-0.0361517423626452,-0.032809462120271,0.0131631658996508,0
54.5,68.25,-0.0092352892036242,-0.0346454725389993,-0.0310277329016167,0.0125571544943683,0
54.75,68.25,-0.00856477052692299,-0.0329150341224368,-0.0289989375909763,0.0118693965371303,0
55,68.25,-0.00780386227195416,-0.0309395413653846,-0.0266991114388664,0.0110913868949581,0
55.25,68.25,-0.0069425069896616,-0.028693107553246,-0.0241010850016449,0.0102160710223217,0
55.5,68.25,-0.00598104895775965,-0.0261753136268341,-0.0212046796767505,0.00924258176123126,0
55.75,68.25,-0.00492176174463647,-0.0233919921169903,-0.0180238201254702,0.00818029663619729,0
56,68.25,-0.00377460950498707,-0.0203697070525163,-0.0146062415768915,0.00705702256691733,0
56.25,68.25,-0.00255527800663327,-0.0171507059209422,-0.0110423909297909,0.00593183491652436,0
56.5,68.25,-0.00128087783559611,-0.0137811699264897,-0.00750097992267655,0.00493922425148434,0
56.75,68.25,3.0486539471784e-05,-0.0103100334867567,-0.00440052334067005,0.00446149641961362,0
57,68.25,0.00135845600086244,-0.00679219073662009,-0.00269737605918551,0.0054142880609104,0
57.25,68.25,0.00268003199446768,-0.0032894132166769,-0.0027718472674953,0.00813191125643067,0
57.5,68.25,0.00397258244055878,0.000137517727388663,-0.00370167667110907,0.0116468415522266,0
57.75,68.25,0.00521491882057835,0.00343171268607284,-0.00490014850835754,0.0153299861495142,0
58,68.25,0.00638689372631592,0.00653919096564811,-0.00615740183517468,0.0189311892878065,0
58.25,68.25,0.00746882730011411,0.00940736758798374,-0.00738290786651989,0.0223205624667481,0
58.5,68.25,0.00844220406460351,0.011986753880326,-0.00852529761513888,0.0254097057443459,0
58.75,68.25,0.00929465817224504,0.0142446734528049,-0.00955453821055962,0.0281438545550497,0
59,68.25,0.0100222873516522,0.0161712109847699,-0.0104566482709603,0.0305012229742647,0
59.25,68.25,0.0106272381292626,0.0177724448167591,-0.0112286608629463,0.0324831371214715,0
59.5,68.25,0.0111176369135145,0.0190702741498593,-0.0118748678422137,0.0341101416692427,0
59.75,68.25,0.0115034367901062,0.0200912780881104,-0.0124047902343211,0.0354116638145335,0
60,68.25,0.0117964418229155,0.0208668296352996,-0.0128315123013884,0.0364243959472195,0
60.25,68.25,0.0119219880233177,0.0212044151908769,-0.0130755274335034,0.0369195034801389,0
60.5,68.25,0.0119772949552469,0.0213563677127546,-0.0132428174207744,0.0371974073312681,0
60.75,68.25,0.0119749675597214,0.0213560898579011,-0.0133486308244676,0.0372985659439104,0
61,68.25,0.0119276761581921,0.0212371567416784,-0.0134082280939074,0.0372635804102916,0
61.25,68.25,0.0117162974446711,0.0206799853871769,-0.0132754942292135,0.0367080891185557,0
61.5,68.25,0.0114807960032179,0.0200591088041636,-0.0131187268163354,0.0360803188227712,0
61.75,68.25,0.0112289304638392,0.0193950276555271,-0.0129471299473651,0.0354049908750435,0
62,68.25,0.0109684594565418,0.0187082426041563,-0.0127698074296269,0.0347067263427106,0
52,68.5,-0.00809872296236405,-0.0350558341146284,-0.032788762716626,0.0165913167918979,0
52.25,68.5,-0.00819478403848756,-0.0353942651254046,-0.0330826325451435,0.0166930644681684,0
52.5,68.5,-0.00828510823330175,-0.0357147790786733,-0.0333583528002233,0.0167881363336198,0
52.75,68.5,-0.00836529540502557,-0.036003479167333,-0.0336003214164549,0.0168697306064037,0
53,68.5,-0.00843094541187781,-0.0362464685842818,-0.0337928986129611,0.0169310077892055,0
53.25,68.5,-0.00838893366687281,-0.0361868460668856,-0.0335730770911599,0.0167952097574143,0
53.5,68.5,-0.00831948718218872,-0.0360405362598141,-0.0332612312828641,0.0166222569184866,0
53.75,68.5,-0.00821429809569335,-0.0357813262053782,-0.032827419022307,0.0163988228309203,0
54,68.5,-0.00806515793220504,-0.035383306801995,-0.0322420692937375,0.0161117534293275,0
54.25,68.5,-0.00764950592178659,-0.034163359041315,-0.0307693347621357,0.0154703229185626,0
54.5,68.5,-0.00717503529172688,-0.032757563984561,-0.0290916941890988,0.014741623605645,0
54.75,68.5,-0.00663416276056217,-0.0311420767986408,-0.0271819144698564,0.013913588948732,0
55,68.5,-0.00602067689403572,-0.029297363310279,-0.0250178314551756,0.0129764776671041,0
55.25,68.5,-0.00532646311860836,-0.0271992590721094,-0.0225744609739221,0.0119215347367054,0
55.5,68.5,-0.00455183235449409,-0.0248473228471549,-0.0198521601990485,0.0107484954900603,0
55.75,68.5,-0.00369861945923869,-0.0222469983795657,-0.0168650926313389,0.00946785371286155,0
56,68.5,-0.00277484043314317,-0.0194231175554216,-0.0136598984022769,0.00811021753599053,0
56.25,68.5,-0.00179310330324032,-0.0164151889763596,-0.0103249949649941,0.00673878835851344,0
56.5,68.5,-0.000767158905554876,-0.0132664034641143,-0.00702713711214443,0.00549281930103467,0
56.75,68.5,0.000288444991782611,-0.010022529361655,-0.00418163111195706,0.00475852109552228,0
57,68.5,0.00135734549471107,-0.00673490422636285,-0.00273296087558986,0.005447651865012,0
57.25,68.5,0.00242105228156432,-0.00346128867515275,-0.00305472525982505,0.00789682982295369,0
57.5,68.5,0.00346136951837039,-0.000258517208621545,-0.00422951229881735,0.0111522513355581,0
57.75,68.5,0.00446126158879913,0.00282021543925914,-0.00566547675793924,0.0145879999355375,0
58,68.5,0.005404527050893,0.00572443851428121,-0.00714716049283695,0.017956214594623,0
58.25,68.5,0.00627533680897402,0.00840499149467356,-0.00857961581621702,0.0211302894341651,0
58.5,68.5,0.00705879869261697,0.01081560797338,-0.00990778164441777,0.0240253790296517,0
58.75,68.5,0.00774495720174928,0.0129257530229485,-0.0110991456890837,0.0265890600925823,0
59,68.5,0.00833066062892118,0.0147261759333818,-0.012138884002247,0.0288002052600893,0
59.25,68.5,0.00881762678337447,0.016222571873315,-0.013024518407065,0.0306597719738139,0
59.5,68.5,0.00921238727188166,0.0174354207616483,-0.0137618823107809,0.0321866568545442,0
59.75,68.5,0.00952294805755059,0.0183895702276076,-0.0143623970190106,0.0334082931341118,0
60,68.5,0.00975880775964113,0.0191143439964593,-0.014841340552849,0.0343589560721313,0
60.25,68.5,0.00985973437356297,0.0194300236479307,-0.0151048701919994,0.0348243389391253,0
60.5,68.5,0.00990411344382409,0.0195722347735051,-0.0152774793856056,0.0350857062732538,0
60.75,68.5,0.00990209056060001,0.0195721945006475,-0.0153767419995407,0.0351809231207407,0
61,68.5,0.00986386395837275,0.0194612811015887,-0.0154202683323352,0.0351479962490807,0
61.25,68.5,0.00969365180207825,0.0189406761846139,-0.0152390606477074,0.0346263642518639,0
61.5,68.5,0.00950401793847322,0.018360542424468,-0.0150287758915385,0.0340368117684849,0
61.75,68.5,0.00930120872037569,0.0177400369153789,-0.0148001589532121,0.0334025763939635,0
62,68.5,0.00909147050060375,0.0170983167515751,-0.0145638581234896,0.0327467991246971,0
52,68.75,-0.00573068707897144,-0.0328832532108098,-0.0305638023537353,0.0191024281957924,0
52.25,68.75,-0.00580107016199486,-0.033198533351271,-0.0308421521442927,0.019240011820303,0
52.5,68.75,-0.00586717842215141,-0.0334972013788643,-0.0311034517740545,0.0193690949297517,0
52.75,68.75,-0.00592573791883013,-0.0337663665997035,-0.0313331115842114,0.0194816357465511,0
53,68.75,-0.0059734747114199,-0.0339931383199021,-0.031516508283874,0.0195695588610342,0
53.25,68.75,-0.00593994018216733,-0.0339406493002732,-0.0313111267333762,0.0194312463690415,0
53.5,68.75,-0.0058859940223315,-0.0338077474666487,-0.0310195658907412,0.0192475778460782,0
53.75,68.75,-0.0058054539455846,-0.0335701186316221,-0.0306139486646721,0.0190030407735029,0
54,68.75,-0.00569221192731758,-0.0332037300781889,-0.0300667688240092,0.018682344969374,0
54.25,68.75,-0.00538005459888855,-0.0320756827174153,-0.0286884394040382,0.0179283302062611,0
54.5,68.75,-0.00502413564696531,-0.0307752400113728,-0.0271188735238341,0.0170706022299034,0
54.75,68.75,-0.00461880942940756,-0.0292802875208353,-0.0253329697669925,0.0160953509081774,0
55,68.75,-0.00415945171675339,-0.0275727085314448,-0.0233103767054693,0.0149914732719625,0
55.25,68.75,-0.00363997925071404,-0.0256301445005021,-0.0210283271991791,0.013748368697751,0
55.5,68.75,-0.00306066769906271,-0.0234521312643692,-0.0184876606012778,0.0123663252031524,0
55.75,68.75,-0.00242289323278792,-0.0210437049049588,-0.0157027214222536,0.0108569349566777,0
56,68.75,-0.00173263528242222,-0.018427880817962,-0.0127189708477215,0.00925370028287701,0
56.25,68.75,-0.000999284576012778,-0.0156412952410667,-0.00962268257900164,0.00762411342697608,0
56.5,68.75,-0.000233079881174225,-0.0127240028552123,-0.00657811419255114,0.0061119544302027,0
56.75,68.75,0.000555148961818004,-0.00971845158935409,-0.00399399696562135,0.00510429488925735,0
57,68.75,0.00135321647183607,-0.00667224908088664,-0.00279436989819394,0.00550080284186608,0
57.25,68.75,0.00214734503141917,-0.0036389495953403,-0.0033577228055964,0.00765241286843475,0
57.5,68.75,0.00292397626081849,-0.000671248484132024,-0.004782148984791,0.010630101506428,0
57.75,68.75,0.00367041580747323,0.00218153420808897,-0.00646547019016225,0.0138063018051087,0
58,68.75,0.00437458720355544,0.00487260865162249,-0.00818319854013792,0.0169323729472488,0
58.25,68.75,0.00502468684501367,0.00735640556643335,-0.009834447277749,0.0198838209677763,0
58.5,68.75,0.00560961027290819,0.00959003775270366,-0.0113596683954256,0.0225788889412419,0
58.75,68.75,0.00612192180904209,0.0115452159531875,-0.0127234392837967,0.0249672829018808,0
59,68.75,0.00655925451270715,0.0132133863112821,-0.0139099011043242,0.0270284101297385,0
59.25,68.75,0.00692287812038067,0.0145998420768337,-0.0149170011173369,0.0287627573580982,0
59.5,68.75,0.0072176571252609,0.0157235747157268,-0.0157521756152482,0.03018748986577,0
59.75,68.75,0.00744956201202566,0.016607616056188,-0.016428840194468,0.0313279642185193,0
60,68.75,0.00762568129721749,0.0172791407780002,-0.0169645958299452,0.0322159584243802,0
60.25,68.75,0.00770087180724744,0.017571847090632,-0.0172502051486457,0.0326519487631406,0
60.5,68.75,0.00773382834832061,0.0177038413410486,-0.0174299676907591,0.0328976243874003,0
60.75,68.75,0.00773212548670757,0.0177040487515466,-0.0175239356666584,0.0329881866400735,0
61,68.75,0.00770337711831588,0.0176015438250931,-0.0175522217537739,0.0329589759904056,0
61.25,68.75,0.00757620164084677,0.0171192843949434,-0.0173204010560093,0.0324728043377029,0
61.5,68.75,0.00743451900104786,0.0165818757285783,-0.017054170324487,0.0319232083265827,0
61.75,68.75,0.0072829945887915,0.0160070659711827,-0.016765909497575,0.031331898675158,0
62,68.75,0.00712629379395012,0.0154126032679414,-0.0164679048628777,0.030720492450778,0
52,69,-0.00336275902369893,-0.0306936926901432,-0.0284181840271837,0.0216926659797858,0
52.25,69,-0.0034074458856528,-0.0309856533605786,-0.0286797780669657,0.0218648862956601,0
52.5,69,-0.00344932165022527,-0.0312623159591298,-0.0289254728210368,0.0220268295205862,0
52.75,69,-0.00348623981761613,-0.0315118029474713,-0.0291416959207107,0.0221692162854784,0
53,69,-0.00351605388802511,-0.031722236787277,-0.0293148426369237,0.0222827348608735,0
53.25,69,-0.00349102682979493,-0.0316769175331011,-0.0291223342606654,0.0221402806010756,0
53.5,69,-0.00345261896882142,-0.031557503866846,-0.0288496141293799,0.0219443761917371,0
53.75,69,-0.00339677594155255,-0.0313415936571747,-0.0284708299295362,0.0216772780464311,0
54,69,-0.00331949249039363,-0.0310070437026339,-0.0279604937471178,0.0213215087663305,0
54.25,69,-0.00311097033781694,-0.029971522650436,-0.0266743610388278,0.0204524203631939,0
54.5,69,-0.00287376010788905,-0.0287771523768972,-0.0252108315299387,0.0194633113141606,0
54.75,69,-0.00260415596072528,-0.0274035609289774,-0.0235468724428376,0.018338560521387,0
55,69,-0.00229912264255856,-0.0258340589572638,-0.0216638754445087,0.0170656301593916,0
55.25,69,-0.00195461086541182,-0.0240481061905553,-0.0195412278137232,0.0156320060828996,0
55.5,69,-0.00157086059822168,-0.0220452156442368,-0.017180178440299,0.0140384572438556,0
55.75,69,-0.00114878871994455,-0.0198300129502128,-0.0145952008147291,0.01229762337484,0
56,69,-0.00069233571080671,-0.0174236843898164,-0.0118305658912524,0.010445894469639,0
56.25,69,-0.000207671369469764,-0.0148599737896536,-0.00897041108929844,0.00855506835035891,0
56.5,69,0.000298481538836562,-0.0121757777827751,-0.00617615922805268,0.0067731223057258,0
56.75,69,0.000819015244906773,-0.00941020067586614,-0.00384750625352123,0.00548553674333477,0
57,69,0.00134592637633425,-0.00660709414228232,-0.00288224589916929,0.00557409865183779,0
57.25,69,0.00187015538960934,-0.00381577677265043,-0.00367337117292395,0.00741368195214263,0
57.5,69,0.00238278664499024,-0.00108477591533465,-0.00534334869744119,0.0101089219874217,0
57.75,69,0.00287547200642593,0.00154049008169276,-0.00727522473193585,0.0130261687447877,0
58,69,0.00334026472049653,0.00401693794760034,-0.00923238565679489,0.0159129150977879,0
58.25,69,0.00376939134400459,0.00630261462560059,-0.0111066700066573,0.0186454526946665,0
58.5,69,0.00415553951839341,0.00835803563262351,-0.0128333900131547,0.0211444690499415,0
58.75,69,0.00449379642078267,0.0101571729306692,-0.0143738677598798,0.0233614606014452,0
59,69,0.00478258094241356,0.0116921742626818,-0.0157110377593519,0.025276199644179,0
59.25,69,0.00502271433108226,0.0129679280959954,-0.0168431877938345,0.026888616455999,0
59.5,69,0.00521739208881259,0.0140019270527626,-0.0177793503162896,0.0282141344939148,0
59.75,69,0.00537054685610313,0.0148153745321951,-0.0185349583726928,0.0292760520848991,0
60,69,0.00548685420047946,0.0154332812525421,-0.019129987304653,0.0301036957056119,0
60.25,69,0.00553627939804586,0.0157028539979069,-0.0194392277228125,0.0305117865189043,0
60.5,69,0.00555780142403274,0.0158245594761389,-0.0196274531784541,0.0307430560265196,0
60.75,69,0.00555642075444508,0.0158250151163959,-0.0197172667197903,0.0308301082286805,0
61,69,0.00553716386413322,0.0157309756823254,-0.0197313554092583,0.0308056831375247,0
61.25,69,0.00545307729717448,0.0152873269667325,-0.0194483766813078,0.0303545312756568,0
61.5,69,0.00535940404081623,0.0147929389386797,-0.019125552609003,0.0298443606906354,0
61.75,69,0.00525922661838015,0.01426414103899,-0.0187769408806371,0.0292953941173975,0
62,69,0.00515562755318798,0.0137172627084866,-0.0184165074714297,0.0287277625778057,0
52,69.25,-0.00109670369518677,-0.0285747860315899,-0.0264511477828795,0.0242577403925059,0
52.25,69.25,-0.00111677777480212,-0.0288441895683988,-0.0266955286125091,0.0244619730629048,0
52.5,69.25,-0.00113544348199608,-0.0290995657916602,-0.0269251532450944,0.0246542662811022,0
52.75,69.25,-0.0011516347213613,-0.029330016969931,-0.0271274202665844,0.0248241508238618,0
53,69.25,-0.00116428539749041,-0.0295246453717674,-0.0272896946007162,0.0249611238057354,0
53.25,69.25,-0.0011474346522305,-0.0294862489627744,-0.0271076558138015,0.0248127865093405,0
53.5,69.25,-0.0011239405951142,-0.0293798685754374,-0.0268511921525289,0.0246033109623005,0
53.75,69.25,-0.00109178801748935,-0.0291849511941056,-0.0264963452131397,0.024312769178161,0
54,69.25,-0.00104898670712425,-0.0288811809359302,-0.0260195096202676,0.0239215362060191,0
54.25,69.25,-0.000939806298185115,-0.0279351267560461,-0.0248187097569928,0.0229390971606226,0
54.5,69.25,-0.000816382468337387,-0.0268433236115641,-0.0234538492875823,0.0218210843509075,0
54.75,69.25,-0.000676868286328165,-0.0255870846648343,-0.0219038128670626,0.0205500762944062,0
55,69.25,-0.00051975120966104,-0.0241511009363033,-0.0201515945198974,0.0191120921005754,0
55.25,69.25,-0.000342931540326421,-0.0225165903578761,-0.0181785885220883,0.0174927254414354,0
55.5,69.25,-0.000146614574728566,-0.0206830440878977,-0.0159863669165278,0.0156931377670707,0
55.75,69.25,6.87230529816192e-05,-0.0186546908710024,-0.0135894847234859,0.0137269308294491,0
56,69.25,0.000301094906338196,-0.0164509481531323,-0.0110310715136747,0.011633261326351,0
56.25,69.25,0.000547417841211292,-0.0141027626018905,-0.00839323928262842,0.00948807496505101,0
56.5,69.25,0.000804338485837652,-0.0116439767872239,-0.00583448507613493,0.00744316204781023,0
56.75,69.25,0.00106831591633713,-0.00911046147757568,-0.00374436873884328,0.00588100057151754,0
57,69.25,0.00133535450384958,-0.00654243606322226,-0.00299237992689806,0.00566308893459723,0
57.25,69.25,0.001600916149645,-0.00398512297508375,-0.00399157961087708,0.00719341191016707,0
57.5,69.25,0.00186053446643533,-0.001483018845614,-0.00589449538136799,0.00961556431423866,0
57.75,69.25,0.00211002641000479,0.000922231156061517,-0.00806674308059956,0.0122867959006091,0
58,69.25,0.00234540287815376,0.00319112820986766,-0.0102574190674835,0.014948224823791,0
58.25,69.25,0.00256275272237171,0.00528521632753563,-0.0123501845373132,0.0174756899820566,0
58.5,69.25,0.00275839772898475,0.00716830162542937,-0.0142748234415605,0.01979161889953,0
58.75,69.25,0.00292984297297394,0.0088165427196622,-0.0159892120081185,0.0218488979540664,0
59,69.25,0.00307626062169801,0.0102227657539865,-0.0174749628600676,0.0236274841034636,0
59.25,69.25,0.003198042232859,0.0113914676965591,-0.018730612767609,0.025126697233327,0
59.5,69.25,0.00329678389865503,0.0123386916834411,-0.0197667178500089,0.0263602856473189,0
59.75,69.25,0.00337446529123973,0.0130838729341451,-0.0206006740689773,0.0273496046514568,0
60,69.25,0.00343344947672527,0.0136499295345717,-0.0212547912379304,0.0281216901913809,0
60.25,69.25,0.00345818328137446,0.0138971306286174,-0.0215879540387877,0.0285043206015366,0
60.5,69.25,0.00346874850313097,0.014008885689809,-0.0217852647221996,0.0287227617284616,0
60.75,69.25,0.00346767864932105,0.0140095804400727,-0.0218718506497805,0.0288072079484226,0
61,69.25,0.00345752044981466,0.0139237263836251,-0.0218729459960055,0.0287879868956348,0
61.25,69.25,0.00341473066093744,0.0135174149486421,-0.0215401374446395,0.0283695987665144,0
61.5,69.25,0.0033670699641514,0.0130646286988291,-0.0211621619419723,0.0278963018702751,0
61.75,69.25,0.00331610386721808,0.0125803251535243,-0.0207547331481712,0.0273869408826074,0
62,69.25,0.00326339787789906,0.0120794618320668,-0.0203334739391163,0.0268602696949144,0
52,69.5,0.00096655292192128,-0.0266131954924296,-0.0247400699071432,0.0266731757509857,0
52.25,69.5,0.000968915599947008,-0.0268617251941569,-0.024967659711332,0.026905490911226,0
52.5,69.5,0.000971407077009642,-0.0270974032288496,-0.0251815676522412,0.0271243818062605,0
52.75,69.5,0.000974107958697167,-0.0273102383570365,-0.0253700703641013,0.0273182862814956,0
53,69.5,0.000977098850597566,-0.0274902393392457,-0.0255214076143198,0.027475605315515,0
53.25,69.5,0.000986462876505916,-0.0274582382632789,-0.0253469440850719,0.0273198698380837,0
53.5,69.5,0.000996324634658636,-0.0273639064294864,-0.0251033724156787,0.0270960216849959,0
53.75,69.5,0.00100683931054088,-0.0271884015728867,-0.0247684199266284,0.0267820985477102,0
54,69.5,0.00101815908865004,-0.0269130983965095,-0.0243201529080995,0.0263564710853996,0
54.25,69.5,0.00103668856814203,-0.0260498045810068,-0.0231940904264829,0.025267467562767,0
54.5,69.5,0.00105628582162413,-0.0250528818301787,-0.0219161542529435,0.0240287258961918,0
54.75,69.5,0.00107710213732637,-0.0239052023178458,-0.0204669214940502,0.0226211257687029,0
55,69.5,0.00109926108546039,-0.0225927341361083,-0.0188307905747721,0.0210293127456929,0
55.25,69.5,0.0011230834724731,-0.0210983216705048,-0.016990944767097,0.0192371117120432,0
55.5,69.5,0.00114839618760523,-0.0194214360429497,-0.0149491884430755,0.017245980818286,0
55.75,69.5,0.00117512430356036,-0.0175659388539339,-0.0127201201749842,0.0150703687821049,0
56,69.5,0.00120306395343738,-0.0155496111317292,-0.0103458349582589,0.0127519628651337,0
56.25,69.5,0.00123194760417466,-0.0134008117252535,-0.00790663462825832,0.0103705298366076,0
56.5,69.5,0.00126149536647137,-0.0111505576952566,-0.00555829477877393,0.00808128551171667,0
56.75,69.5,0.00129141988062391,-0.00883172824734718,-0.00368063608747471,0.00626347584872252,0
57,69.5,0.00132138131104017,-0.00648118232182322,-0.00311642065988272,0.00575918328196306,0
57.25,69.5,0.00135096604059566,-0.00414035277146886,-0.00429959508999522,0.00700152717118654,0
57.5,69.5,0.00137976631189469,-0.00185000719699458,-0.00641436698638474,0.00917389961017411,0
57.75,69.5,0.00140739850415337,0.000351700000778805,-0.00880864542170166,0.0116234424300084,0
58,69.5,0.00143348375698509,0.00242858615210105,-0.0112165144955762,0.0140834820095463,0
58.25,69.5,0.00145763423707086,0.00434543055777754,-0.0135132170817498,0.0164284855558915,0
58.5,69.5,0.00147948691379223,0.0060690836118402,-0.015622998259182,0.0185819720867664,0
58.75,69.5,0.00149875270171392,0.00757772684819321,-0.0175003161603733,0.0204978215638012,0
59,69.5,0.00151529114454287,0.00886481395798385,-0.0191254362778032,0.0221560185668889,0
59.25,69.5,0.00152910196460277,0.00993447966935502,-0.0204970595920102,0.0235552635212157,0
59.5,69.5,0.00154032229558382,0.0108014261106786,-0.0216271292580548,0.0247077738492224,0
59.75,69.5,0.0015491502396528,0.0114834526842544,-0.022534864385386,0.0256331648646916,0
60,69.5,0.00155583925165172,0.012001541514549,-0.0232447639558092,0.0263564424591127,0
60.25,69.5,0.00155804961884322,0.0122280453355057,-0.0236006819893351,0.0267167812270216,0
60.5,69.5,0.00155862140774849,0.0123305942616343,-0.0238068993854879,0.0269241422009849,0
60.75,69.5,0.00155783755836587,0.0123315094044437,-0.0238909234548162,0.0270065985715479,0
61,69.5,0.00155598257733489,0.012253226970604,-0.0238803897735706,0.0269923549282404,0
61.25,69.5,0.00155086827143983,0.0118814568138975,-0.0235012261340192,0.0266029626768989,0
61.5,69.5,0.00154518526424694,0.0114671570097541,-0.0230719311757569,0.0261623017042508,0
61.75,69.5,0.00153911509510245,0.0110240158854755,-0.0226097754771371,0.025688005667342,0
62,69.5,0.00153283930335262,0.0105657217683635,-0.0221319389836919,0.0251976175903971,0
52,69.75,0.00273320214036934,-0.0248894614343259,-0.023341237125311,0.0288076414060496,0
52.25,69.75,0.00275480967422653,-0.0251196567877747,-0.0235533715430138,0.0290629908914669,0
52.5,69.75,0.00277544738388353,-0.0253380328156061,-0.0237527708216443,0.0293036655894114,0
52.75,69.75,0.00279434982411791,-0.0255353942935486,-0.0239284567901757,0.0295171564384116,0
53,69.75,0.00281075154970721,-0.0257025459973304,-0.0240694102439327,0.0296909133433471,0
53.25,69.75,0.0028136521461078,-0.0256761515235015,-0.0238994267106027,0.0295267310028183,0
53.5,69.75,0.00281177446630131,-0.0255923905434395,-0.0236649213719174,0.02928847030452,0
53.75,69.75,0.0028036768386088,-0.0254339230455046,-0.0233450367903855,0.0289523904676031,0
54,69.75,0.00278793347856372,-0.0251836082800966,-0.0229192405918077,0.0284951075489351,0
54.25,69.75,0.00272859266881131,-0.0243929767581361,-0.0218545404497791,0.0273117257874017,0
54.5,69.75,0.002659008276603,-0.0234793592379809,-0.0206484209635943,0.0259664375168003,0
54.75,69.75,0.00257787581536104,-0.0224269968903244,-0.0192828686213297,0.0244386202520517,0
55,69.75,0.00248412637058968,-0.0212229792279386,-0.0177434457359794,0.0227116984771587,0
55.25,69.75,0.00237655283469039,-0.0198515786828772,-0.0160148522379058,0.0207679579072866,0
55.5,69.75,0.00225501043021962,-0.0183122489639403,-0.0140990403318642,0.0186090611923035,0
55.75,69.75,0.00211976927155739,-0.0166085293171542,-0.0120106319839044,0.0162501705270192,0
56,69.75,0.00197215608088304,-0.0147567638498203,-0.00979085668248449,0.0137351688442506,0
56.25,69.75,0.00181432070279208,-0.0127830390166715,-0.00751853609996265,0.0111471775055468,0
56.5,69.75,0.00164862197431798,-0.0107158907524876,-0.00534724875355767,0.00864449270219364,0
56.75,69.75,0.00147756583379086,-0.00858557131297731,-0.00364881520845748,0.00660394687603921,0
57,69.75,0.00130395114108806,-0.00642598877956033,-0.00324369363270791,0.00585159591488403,0
57.25,69.75,0.00113090549309864,-0.00427524835478342,-0.00458338066907794,0.00684519165527521,0
57.5,69.75,0.000961505810274303,-0.00217084315604617,-0.00688103283134225,0.00880404445189086,0
57.75,69.75,0.000798630606798176,-0.000147862323325761,-0.00946891769978592,0.0110661789133823,0
58,69.75,0.000645000787428742,0.00176042338628376,-0.0120670927570605,0.013357094331918,0
58.25,69.75,0.000503253722996337,0.00352163416267038,-0.0145429392297273,0.01554944667572,0
58.5,69.75,0.000375872871927031,0.00510529356492777,-0.0168155956287225,0.0175673413725765,0
58.75,69.75,0.000264463326788836,0.00649135939032911,-0.0188363839673797,0.0193653106209574,0
59,69.75,0.000169475096030343,0.00767383630677853,-0.0205843076325958,0.0209232578246565,0
59.25,69.75,9.05716412579918e-05,0.00865654091523116,-0.0220581636538431,0.0222393069363591,0
59.5,69.75,2.66374954622968e-05,0.00945299778776102,-0.0232710863719159,0.0233243613628405,0
59.75,69.75,-2.36589467338191e-05,0.0100795699269277,-0.0242438922288652,0.0241965743353975,0
60,69.75,-6.18756814638761e-05,0.010555539523024,-0.0250030140290433,0.0248792626661155,0
60.25,69.75,-7.90033787884548e-05,0.0107638688985722,-0.0253790466966742,0.0252210399390973,0
60.5,69.75,-8.70100202109781e-05,0.0108583334063175,-0.025593199821291,0.0254191797808691,0
60.75,69.75,-8.75452025065476e-05,0.0108594412725406,-0.0256750910789501,0.025500000673937,0
61,69.75,-8.22669650178674e-05,0.0107878064346769,-0.0256544856679983,0.0254899517379626,0
61.25,69.75,-5.50282038547898e-05,0.0104463657485651,-0.0252346584841567,0.0251246020764472,0
61.5,69.75,-2.46637731610144e-05,0.010065859542835,-0.0247603408720567,0.0247110133257346,0
61.75,69.75,7.81943727950324e-06,0.00965886170554619,-0.0242501791034643,0.0242658179780233,0
62,69.75,4.14145376827883e-05,0.0092379461247586,-0.0237227285556502,0.0238055576310158,0
52,70,0.0041177159534351,-0.0234767090399746,-0.0222966608485137,0.0305320927553839,0
52.25,70,0.00415445000150747,-0.0236918874503225,-0.0224955631176132,0.0308044631206282,0
52.5,70,0.00418934926997644,-0.0238960917653244,-0.0226824952891951,0.031061193829148,0
52.75,70,0.00422098231171216,-0.0240807785215825,-0.0228470575650378,0.0312890221884621,0
53,70,0.00424791767958469,-0.0242374042556986,-0.0229788049839529,0.0314746403431222,0
53.25,70,0.0042456827496319,-0.0242155896035074,-0.0228101567596743,0.0313015222589381,0
53.5,70,0.0042345163543585,-0.0241404730782405,-0.0225806153377206,0.0310496480464376,0
53.75,70,0.00421171977707884,-0.0239959446786509,-0.0222704173849888,0.0306938569391465,0
54,70,0.00417462506343872,-0.0237660791697228,-0.0218601138600077,0.0302093639868851,0
54.25,70,0.00405392518171128,-0.0230349283877984,-0.0208413268424744,0.0289491772058969,0
54.5,70,0.00391407759574046,-0.0221895058378571,-0.0196893266814112,0.0275174818728922,0
54.75,70,0.00375263178050912,-0.0212151735816027,-0.018387179097768,0.0258924426587862,0
55,70,0.00356758005648351,-0.0200999393157525,-0.0169213370784468,0.0240564971914138,0
55.25,70,0.00335651160570854,-0.0188292445121623,-0.0152777020439717,0.0219907252553888,0
55.5,70,0.00311930488136018,-0.0174025288315154,-0.0134583030218129,0.0196969127845332,0
55.75,70,0.00285650183958918,-0.015823067634304,-0.0114777884008689,0.0171907920800472,0
56,70,0.00257063438121629,-0.0141060285778099,-0.00937675567061632,0.0145180244330489,0
56.25,70,0.00226575548645528,-0.0122756375728798,-0.00723299412351186,0.0117645050964224,0
56.5,70,0.00194630132370723,-0.0103583990943856,-0.00519871074868791,0.00909131339610236,0
56.75,70,0.00161697680034524,-0.00838241453157794,-0.0036405010839396,0.00687445468463008,0
57,70,0.00128305174480249,-0.00637917591345285,-0.00336285558445879,0.00592895907406376,0
57.25,70,0.00095044177343499,-0.00438406392465399,-0.00482846544183587,0.00672934898870585,0
57.5,70,0.000624967318937379,-0.00243189069608208,-0.00727268305374804,0.0085226176916228,0
57.75,70,0.000312075208462786,-0.000555235684663105,-0.0100161127139809,0.0106402631309065,0
58,70,1.69269022501208e-05,0.00121501446406013,-0.0127674926875439,0.0128013464920441,0
58.25,70,-0.000255458279539283,0.00284880587913243,-0.0153877322155245,0.0148768156564459,0
58.5,70,-0.00050035565401367,0.00431785073937995,-0.017791754948073,0.0167910436400457,0
58.75,70,-0.000714668461637269,0.0056035610765267,-0.019928292112232,0.0184989551889575,0
59,70,-0.000897481428592949,0.0067003925834561,-0.0217752868238203,0.0199803239666345,0
59.25,70,-0.00104939561824707,0.00761190134542083,-0.0233315848608863,0.0212327936243922,0
59.5,70,-0.00117251262791997,0.0083506477974819,-0.0246112613265769,0.0222662360707369,0
59.75,70,-0.00126936851679402,0.00893181891197219,-0.0256364205512859,0.0230976835176978,0
60,70,-0.00134294767522351,0.00937330510741369,-0.026435065080977,0.02374916973053,0
60.25,70,-0.00137530008617443,0.00956675407299043,-0.0268272208102339,0.024076620637885,0
60.5,70,-0.00139005823835591,0.00965459892359261,-0.0270476565678139,0.0242675400911021,0
60.75,70,-0.0013903935378069,0.0096558636537834,-0.0271277059934248,0.0243469189178111,0
61,70,-0.00137949371560779,0.00958967028660334,-0.027098866267716,0.0243398788365004,0
61.25,70,-0.00132677592268452,0.00927306025059217,-0.0266462406332211,0.023992688787852,0
61.5,70,-0.00126802311319837,0.00892022078528049,-0.0261356103672487,0.0235995641408519,0
61.75,70,-0.00120517806688752,0.00854281338273494,-0.0255867345623336,0.0231763784285586,0
62,70,-0.00114018356349018,0.00815249953502237,-0.0250192811264345,0.0227389139994541,0
52,70.25,0.0050422197654543,-0.0224411305576844,-0.021642924112473,0.0317273636433816,0
52.25,70.25,0.00508911830370485,-0.0226453141611845,-0.0218316359133608,0.0320098725207705,0
52.5,70.25,0.00513359878797152,-0.0228391420850002,-0.0220089128414463,0.0322761104173893,0
52.75,70.25,0.00517378080367755,-0.0230145477594486,-0.0221647365936983,0.0325122982010534,0
53,70.25,0.00520778393624615,-0.0231634646148464,-0.0222890404987401,0.0327046083712324,0
53.25,70.25,0.00520201896641367,-0.0231449866286345,-0.0221185217493338,0.0325225596821612,0
53.5,70.25,0.00518452280777709,-0.0230761808713035,-0.0218895817791645,0.0322586273947187,0
53.75,70.25,0.0051517493165235,-0.0229418373357312,-0.0215831856414348,0.0318866842744819,0
54,70.25,0.00510019314818412,-0.0227269201764137,-0.0211806077284407,0.0313809940248089,0
54.25,70.25,0.00493804324184409,-0.0220392732001535,-0.0201905588370949,0.0300666453207831,0
54.5,70.25,0.00475074323166468,-0.0212437306781601,-0.0190727928096417,0.0285742792729711,0
54.75,70.25,0.00453506992336915,-0.020326474807862,-0.0178110811726469,0.0268812210193852,0
55,70.25,0.00428838271649678,-0.0192761851051856,-0.0163924643579663,0.0249692297909598,0
55.25,70.25,0.00400745798046014,-0.0180791581406393,-0.0148036910404433,0.0228186070013636,0
55.5,70.25,0.00369219115454463,-0.0167348235762328,-0.013046810300947,0.0204311926100362,0
55.75,70.25,0.00334330777697349,-0.0152462637564804,-0.0111365220453402,0.0178231375992872,0
56,70.25,0.00296415263922862,-0.0136277856251585,-0.00911308519005462,0.0150413904685119,0
56.25,70.25,0.00256006195930561,-0.0119022537935768,-0.00705381225436253,0.0121739361729737,0
56.5,70.25,0.00213687250487477,-0.0100946863633774,-0.00511061612668944,0.00938436113643899,0
56.75,70.25,0.00170077172492506,-0.00823161096881984,-0.0036483917278173,0.00704993517766743,0
57,70.25,0.00125869550297919,-0.00634275187941496,-0.00346323794639076,0.00598062895234913,0
57.25,70.25,0.000818439517575679,-0.00446149637428467,-0.00502072007474872,0.00665759910990008,0
57.5,70.25,0.000387674256549187,-0.00262069502997664,-0.00756833410426875,0.00834368261736712,0
57.75,70.25,-2.64215265597795e-05,-0.000851091087043813,-0.0104203494765389,0.0103675064234194,0
58,70.25,-0.000417040486117161,0.000818173127005704,-0.0132784061907274,0.0124443252184931,0
58.25,70.25,-0.000777556799264936,0.00235874546803797,-0.0159991000596043,0.0144439864610744,0
58.5,70.25,-0.00110173420683209,0.00374393937780993,-0.0184944606750522,0.016290992261388,0
58.75,70.25,-0.00138546953664537,0.00495623077333511,-0.0207114211843633,0.0179404821110726,0
59,70.25,-0.00162753321354454,0.00599040522415343,-0.022627176825336,0.0193721103982469,0
59.25,70.25,-0.0018287043719555,0.00684982814290552,-0.024240594592914,0.0205831858490031,0
59.5,70.25,-0.00199174952112749,0.00754635453445437,-0.0255663894349594,0.0215828903927044,0
59.75,70.25,-0.00212001707807868,0.00809431095544471,-0.026627565803389,0.0223875316472316,0
60,70.25,-0.00221745362802915,0.00851056959743019,-0.0274532300171181,0.0230183227610598,0
60.25,70.25,-0.00226007223702965,0.0086931311659032,-0.0278564068769479,0.0233362624028886,0
60.5,70.25,-0.00227937983035047,0.00877613200662371,-0.0280809886481572,0.0235222289874563,0
60.75,70.25,-0.00227957447004994,0.00877751026373076,-0.0281595132628879,0.0236003643227881,0
61,70.25,-0.00226487586175706,0.00871529648943053,-0.0281246937989771,0.023594942075463,0
61.25,70.25,-0.00219496624964723,0.00841685170821149,-0.0276491793234528,0.0232592468241584,0
61.5,70.25,-0.0021170586760092,0.00808425230967735,-0.0271132122365661,0.0228790948845477,0
61.75,70.25,-0.00203372735735482,0.00772849229773193,-0.0265373252335953,0.0224698705188857,0
62,70.25,-0.00194754651019598,0.00736056567627923,-0.0259419598228297,0.0220468668024378,0
52,70.5,0.00543917000491646,-0.0218407497902997,-0.0214187502373843,0.0322970902472172,0
52.25,70.5,0.00549053865284999,-0.0220385780932601,-0.0216010062424141,0.0325820835481141,0
52.5,70.5,0.00553922935061637,-0.0222264075489179,-0.0217720916280118,0.0328505503292445,0
52.75,70.5,0.00558316186947842,-0.0223964468052931,-0.0219221450978877,0.0330884688368446,0
53,70.5,0.00562025598069893,-0.022540904510405,-0.022041255359355,0.0332817673207528,0
53.25,70.5,0.00561280816200204,-0.0225243309831432,-0.0218654273586506,0.0330910436826547,0
53.5,70.5,0.00559238319306349,-0.0224591460655051,-0.0216323201933077,0.0328170865794347,0
53.75,70.5,0.00555505774140839,-0.0223306591340246,-0.0213232188658202,0.032433334348637,0
54,70.5,0.00549695375625887,-0.0221243476097837,-0.0209197205671122,0.0319136280796299,0
54.25,70.5,0.00531621442209318,-0.0214617800353458,-0.0199395314637752,0.0305719603079615,0
54.5,70.5,0.00510765372651564,-0.0206949966882465,-0.0188339932997261,0.0290493007527574,0
54.75,70.5,0.00486770443581101,-0.0198106530398245,-0.0175871648376805,0.0273225737093025,0
55,70.5,0.00459344413910431,-0.018797816292094,-0.0161863374300739,0.0253732257082825,0
55.25,70.5,0.0042812852219826,-0.0176432760735839,-0.0146187104488096,0.0231812808927748,0
55.5,70.5,0.00393113286116015,-0.0163464566879603,-0.0128863048575611,0.0207485705798814,0
55.75,70.5,0.00354379483596954,-0.0149103291909285,-0.0110039109474903,0.0180915006194294,0
56,70.5,0.00312297845879807,-0.0133487039445883,-0.00901178969896332,0.0152577466165595,0
56.25,70.5,0.00267459153171774,-0.0116836600375871,-0.00698741732184625,0.0123366003852817,0
56.5,70.5,0.00220509452692748,-0.00993935784715458,-0.00508367744188626,0.00949386649574122,0
56.75,70.5,0.00172133497387836,-0.00814141683715418,-0.00366784855530412,0.00711051850306085,0
57,70.5,0.00123099075979102,-0.00631854119305979,-0.00353620381239869,0.00599818533198072,0
57.25,70.5,0.000742695264127444,-0.00450296797417351,-0.00514777232477382,0.00663316285302871,0
57.5,70.5,0.000264943314882084,-0.00272641591754465,-0.00774972998174726,0.00827961661151143,0
57.75,70.5,-0.000194314605259784,-0.00101856875029776,-0.0106560523764909,0.0102674231659714,0
58,70.5,-0.00062753757744015,0.000592437652618335,-0.0135665770739851,0.0123115019191048,0
58.25,70.5,-0.00102738352750698,0.00207923298116835,-0.0163363339925105,0.0142815669374965,0
58.5,70.5,-0.00138694229162175,0.003416054551801,-0.0188761203310467,0.0161022357478032,0
58.75,70.5,-0.00170166140288366,0.00458599199237551,-0.0211320638366759,0.0177287410309086,0
59,70.5,-0.001970170329461,0.00558402104232714,-0.023081013901479,0.019140673242557,0
59.25,70.5,-0.00219332704383187,0.00641339699808265,-0.0247218456184164,0.0203351915307527,0
59.5,70.5,-0.00237419420347892,0.00708556780029296,-0.026069569422013,0.0213211810150552,0
59.75,70.5,-0.00251648243659517,0.00761436358206544,-0.0271476363808692,0.0221146715076789,0
60,70.5,-0.0026245675892823,0.00801606910667092,-0.0279857062698209,0.0227365710912563,0
60.25,70.5,-0.00267175989955749,0.0081923483943776,-0.0283941098803729,0.023050590081258,0
60.5,70.5,-0.00269308909649056,0.00827255313977056,-0.0286205318133975,0.0232343536204164,0
60.75,70.5,-0.00269321142100288,0.00827399507626642,-0.0286981056341988,0.0233116827921931,0
61,70.5,-0.00267680713244622,0.00821407510326454,-0.0286601460509506,0.0233065317860582,0
61.25,70.5,-0.00259922028882096,0.00792610866784624,-0.0281733926693991,0.0229749520917572,0
61.5,70.5,-0.00251275910016303,0.0076051844753858,-0.0276249872584537,0.0225994690581277,0
61.75,70.5,-0.0024202796786072,0.0072619114842317,-0.0270358341383316,0.0221952747811172,0
62,70.5,-0.00232463813628829,0.0069068986527326,-0.026426746908817,0.0217774706362404,0
52,70.75,0.00527784752214806,-0.0217026242018944,-0.0216510055836792,0.0322067006279753,0
52.25,70.75,0.00532765780236365,-0.0218990249507762,-0.0218308649852237,0.032486180589951,0
52.5,70.75,0.00537487266945205,-0.0220855058569471,-0.0219995261373061,0.0327492714762102,0
52.75,70.75,0.00541747590932419,-0.0222543365853948,-0.0221470451537794,0.0329819969724278,0
53,70.75,0.00545345130789095,-0.0223977868011065,-0.0222634283805952,0.0331703309963771,0
53.25,70.75,0.00544627936719898,-0.0223815968147168,-0.0220784392208453,0.0329709979552433,0
53.5,70.75,0.0054265295943725,-0.022317175988855,-0.0218358972017385,0.0326889563904835,0
53.75,70.75,0.00539039940548068,-0.022189948836201,-0.0215169755719335,0.0322977743828949,0
54,70.75,0.00533413009842919,-0.0219855065631147,-0.0211031709538018,0.0317714311506601,0
54.25,70.75,0.0051590119299741,-0.0213284500691364,-0.0201127823357056,0.0304308061956538,0
54.5,70.75,0.0049569284909942,-0.0205679936680078,-0.018996063131294,0.0289099201132824,0
54.75,70.75,0.00472442238906481,-0.0196908977022761,-0.0177369121178248,0.0271857568959545,0
55,70.75,0.00445866119748473,-0.0186863152816162,-0.016322512149015,0.0252398345439845,0
55.25,70.75,0.00415616863830103,-0.0175411445727476,-0.0147400853761573,0.0230524226527594,0
55.5,70.75,0.00381685189677249,-0.0162548094449527,-0.0129915784868992,0.0206252822804442,0
55.75,70.75,0.00344149367009528,-0.0148302564666912,-0.0110919101799759,0.0179748975201664,0
56,70.75,0.00303368687618078,-0.0132811861624112,-0.00908169702212923,0.0151490707744908,0
56.25,70.75,0.00259915731831456,-0.0116295036315573,-0.00703924319350335,0.0122375578301325,0
56.5,70.75,0.00214416650925444,-0.00989917921609664,-0.00511973364951755,0.00940806666802643,0
56.75,70.75,0.0016753511468643,-0.00811563112844831,-0.00369722923255561,0.00704793152628421,0
57,70.75,0.0012001526298357,-0.00630733757743482,-0.00357751420903042,0.00597781946870183,0
57.25,70.75,0.000726938256750777,-0.0045062809507227,-0.00520350762161153,0.00665738413511308,0
57.5,70.75,0.000263941040879273,-0.00274392938662999,-0.00780855107905805,0.0083364331608166,0
57.75,70.75,-0.000181133583080591,-0.00104973203557974,-0.0107122806757003,0.0103500135095391,0
58,70.75,-0.000600977197946968,0.000548397992997172,-0.0136183157717716,0.0124163613758777,0
58.25,70.75,-0.000988474198014436,0.00202330762547015,-0.0163830792526365,0.0144061308566077,0
58.5,70.75,-0.00133692755526428,0.00334943859922543,-0.0189179352727155,0.0162440801621869,0
58.75,70.75,-0.00164192547504175,0.00451001612415743,-0.0211692839669213,0.0178854330168378,0
59,70.75,-0.00190214005009885,0.00550005772884878,-0.0231140707267224,0.0193097906265247,0
59.25,70.75,-0.00211840302307421,0.00632279415358226,-0.0247511722989781,0.0205143662528297,0
59.5,70.75,-0.00229368270966437,0.00698958316978555,-0.0260955330375436,0.0215081676182149,0
59.75,70.75,-0.00243157527186623,0.00751414508285345,-0.0271705708338309,0.0223074202900984,0
60,70.75,-0.00253632146675677,0.00791263477827066,-0.0280059153907343,0.0229332724572208,0
60.25,70.75,-0.00258205956950719,0.00808752288411609,-0.0284138205856858,0.0232497014466714,0
60.5,70.75,-0.00260273371560979,0.00816710663730692,-0.0286400599526325,0.023434592521413,0
60.75,70.75,-0.00260285633261346,0.00816855933026941,-0.0287177150350994,0.0235120023698725,0
61,70.75,-0.00258696312410939,0.00810914270533924,-0.028680048095064,0.0235061218468453,0
61.25,70.75,-0.00251177469575976,0.00782349037944915,-0.028194472452782,0.0231709230612625,0
61.5,70.75,-0.0024279861682367,0.00750514468726614,-0.0276473657777638,0.0227913934412904,0
61.75,70.75,-0.00233836539827649,0.00716462952295245,-0.0270595774579617,0.0223828466614087,0
62,70.75,-0.00224568024261546,0.00681246878067049,-0.0264518670895854,0.0219605066043545,0
52,71,0.0045621424047665,-0.0220245773652739,-0.0223604067622798,0.0314846915718128,0
52.25,71,0.00460440633192322,-0.0222244553831431,-0.0225419106364482,0.0317507233002946,0
52.5,71,0.00464449756550265,-0.0224142160183644,-0.0227118935122672,0.0320008886432725,0
52.75,71,0.00468072599730821,-0.0225859767421859,-0.0228600845324869,0.0322215365271034,0
53,71,0.00471140151914322,-0.0227318550258554,-0.0229761650320418,0.0323989680703282,0
53.25,71,0.00470645292771551,-0.0227145343843052,-0.0227775323645638,0.0321904382199949,0
53.5,71,0.00469096026514478,-0.0226480337986775,-0.0225196457837837,0.0319015663140732,0
53.75,71,0.00466173635443217,-0.0225174905385979,-0.0221831268985235,0.0315065996073878,0
54,71,0.00461563065685556,-0.0223082119607189,-0.0217489391694893,0.0309802004832004,0
54.25,71,0.0044701868863491,-0.0216371882792504,-0.020727374985354,0.0296677487580522,0
54.5,71,0.00430213805185331,-0.0208607298858036,-0.0195751004723178,0.0281793765760244,0
54.75,71,0.00410858749609307,-0.0199653352937336,-0.0182753908593768,0.026492565851563,0
55,71,0.00388716212437926,-0.0189399431364071,-0.0168149449535006,0.0245892692022591,0
55.25,71,0.0036349692180081,-0.0177711773699795,-0.0151805550047972,0.0224504934408134,0
55.5,71,0.00335191026076712,-0.0164584663365421,-0.0133740413033237,0.020077861824858,0
55.75,71,0.00303863624339089,-0.0150048185191579,-0.0114104726731897,0.0174877451599715,0
56,71,0.00269815190396509,-0.0134242095631728,-0.00933115428486849,0.0147274580927987,0
56.25,71,0.00233525242019042,-0.011738979287111,-0.0072158457498166,0.0118863505901974,0
56.5,71,0.0019551830940847,-0.00997357260179541,-0.00522330794164623,0.00913367412981563,0
56.75,71,0.00156350461166968,-0.00815391012054547,-0.00373890663760014,0.00686591586093951,0
57,71,0.0011664498275148,-0.0063090345140179,-0.00358808141542228,0.00592098107045188,0
57.25,71,0.000771023432643592,-0.004471564909918,-0.00518870360604666,0.00673075047133384,0
57.5,71,0.000384117609840238,-0.0026735960182014,-0.00774691709013428,0.00851515230981476,0
57.75,71,1.21826514406015e-05,-0.000945163539050389,-0.0105931757863752,0.0106175410892564,0
58,71,-0.000338665255128796,0.000685262115815979,-0.0134399483921341,0.0127626178818765,0
58.25,71,-0.000662473502366816,0.00218998404191749,-0.0161478151431103,0.0148228681383767,0
58.5,71,-0.000953639413818188,0.00354293226588314,-0.0186304236793975,0.0167231448517611,0
58.75,71,-0.00120847796897144,0.00472699165690647,-0.020835483893378,0.0184185279554351,0
59,71,-0.00142588627318781,0.00573707383481939,-0.0227404626657849,0.0198886901194092,0
59.25,71,-0.0016065654694214,0.00657647014723898,-0.024344228227927,0.0211310972890842,0
59.5,71,-0.00175300160996701,0.00725676362730736,-0.025661304281295,0.0221553010613609,0
59.75,71,-0.00186820284278628,0.00779194956354107,-0.0267146088354477,0.0229782031498751,0
60,71,-0.00195571418760501,0.00819850840219748,-0.0275331768612088,0.0236217484859988,0
60.25,71,-0.00199400980438516,0.00837687383154783,-0.0279356514514768,0.0239476318427065,0
60.5,71,-0.00201136991968436,0.00845800163378478,-0.0281603753742654,0.0241376355348967,0
60.75,71,-0.0020115651015599,0.00845941237817294,-0.0282397513449167,0.0242166211417969,0
61,71,-0.00199838535489021,0.00839871688217047,-0.0282063556407711,0.0242095849309907,0
61.25,71,-0.00193560501282835,0.00810725209289018,-0.0277341238594949,0.0238629138338382,0
61.5,71,-0.00186564190956497,0.00778243016076183,-0.0272017621211101,0.0234704783019801,0
61.75,71,-0.00179080792037217,0.0074349885130297,-0.0266296533563554,0.0230480375156111,0
62,71,-0.00171341492052208,0.00707566457693821,-0.0260380918901674,0.0226112620491232,0
52,71.25,0.00328546508263247,-0.0228470015853419,-0.0235844249217435,0.0301553550870084,0
52.25,71.25,0.00331410653192038,-0.0230556732585988,-0.0237717487399343,0.0303999618037751,0
52.5,71.25,0.00334134374939115,-0.0232537308884925,-0.0239469230507827,0.030629610549565,0
52.75,71.25,0.00336607906829617,-0.0234329090911025,-0.0240990982418295,0.0308312563784219,0
53,71.25,0.00338721482188677,-0.0235849424825075,-0.0242173802798144,0.0309918099235879,0
53.25,71.25,0.00338648699740151,-0.0235648741483888,-0.0240001220282446,0.0307730960230476,0
53.5,71.25,0.00337890976348269,-0.0234932382694728,-0.0237204383388574,0.0304782578658228,0
53.75,71.25,0.00336241402537487,-0.0233544495668259,-0.0233579388595174,0.0300827669102671,0
54,71.25,0.00333495414217906,-0.0231331013715074,-0.0228925980332707,0.0295625063176289,0
54.25,71.25,0.00324365090051399,-0.0224270647777189,-0.021816864561852,0.0283041663628799,0
54.5,71.25,0.00313766364195518,-0.0216104746532464,-0.0206025638457096,0.02687789112962,0
54.75,71.25,0.0030151146665194,-0.020669170998771,-0.0192318597180662,0.025262089051105,0
55,71.25,0.0028744655615514,-0.0195915530257736,-0.0176905630808177,0.0234394942039205,0
55.25,71.25,0.00271388740632689,-0.0183635568266237,-0.0159645216704582,0.021392296483112,0
55.5,71.25,0.00253326778969137,-0.0169846201142031,-0.014055367810783,0.0191219033901657,0
55.75,71.25,0.00233301755642082,-0.0154579066583948,-0.0119783013250325,0.0166443364378742,0
56,71.25,0.00211507168479378,-0.0137980835518737,-0.00977559236898209,0.0140057357385697,0
56.25,71.25,0.0018825338985208,-0.012028583771919,-0.00752896373073591,0.0112940315277775,0
56.5,71.25,0.0016388027430428,-0.0101750457296963,-0.00540175033166353,0.00867935581774912,0
56.75,71.25,0.00138748365685295,-0.0082646536326256,-0.00379493354752551,0.0065699008612314,0
57,71.25,0.00113261306745328,-0.00632786964857112,-0.00356500124294128,0.00583022737784784,0
57.25,71.25,0.000878718614029478,-0.00439891383279712,-0.00509728998584499,0.00685472721390394,0
57.5,71.25,0.000630255000086933,-0.00251145624864029,-0.00755785269230902,0.00881836269248289,0
57.75,71.25,0.000391390770480714,-0.000697007303908995,-0.0102920892004001,0.0110748707413616,0
58,71.25,0.000166074437157442,0.00101456157453657,-0.0130256111633681,0.013357760037683,0
58.25,71.25,-4.18562961451232e-05,0.00259418653296908,-0.0156256283677921,0.0155419157755018,0
58.5,71.25,-0.000228788783960722,0.00401451136352936,-0.0180096789819493,0.0175521014140279,0
58.75,71.25,-0.000392360601739379,0.00525756598086017,-0.0201277708484297,0.019343049644951,0
59,71.25,-0.000531879386258143,0.00631799651247313,-0.0219582954974634,0.0208945367249471,0
59.25,71.25,-0.000647809688773089,0.00719924712510695,-0.0235000900632667,0.0222044706857205,0
59.5,71.25,-0.000741761057104559,0.00791346731882649,-0.0247669023423232,0.0232833802281141,0
59.75,71.25,-0.000815672298508517,0.00847534354559183,-0.0257806855006895,0.0241493409036725,0
60,71.25,-0.000871822797700185,0.00890217433243213,-0.0265693222505001,0.0248256766550997,0
60.25,71.25,-0.000896589901418092,0.00908928317754354,-0.0269620587172121,0.0251688789143759,0
60.5,71.25,-0.000907934462975189,0.00917429786476419,-0.0271845413702599,0.0253686724443095,0
60.75,71.25,-0.000908277252094213,0.00917561147446875,-0.0272678772963729,0.0254513227921844,0
61,71.25,-0.000900051487824688,0.00911171185218245,-0.0272433328857118,0.0254432299100624,0
61.25,71.25,-0.000859855275725989,0.0088056477873638,-0.0267966502896497,0.0250769397381977,0
61.5,71.25,-0.000815055699832752,0.00846455919036167,-0.0262925102650846,0.0246623988654191,0
61.75,71.25,-0.000767134829168523,0.00809971989345117,-0.0257504268294677,0.0242161571711307,0
62,71.25,-0.000717574732756876,0.00772240372890759,-0.0251898265083725,0.0237546770428588,0
52,71.5,0.00152495748881405,-0.0240744528120521,-0.0253305324435807,0.0283804474212088,0
52.25,71.5,0.00153474813178369,-0.0242962344700832,-0.0255271454501672,0.0285966417137346,0
52.5,71.5,0.00154420010833923,-0.0245066621127152,-0.0257107074399772,0.0287991076566557,0
52.75,71.5,0.00155303708909593,-0.0246968999085806,-0.025869551582243,0.0289756257604349,0
53,71.5,0.00156098274466901,-0.024858112026312,-0.0259919704357282,0.0291139359250662,0
53.25,71.5,0.00156617909560426,-0.0248339655095255,-0.0257500442005152,0.0288824023917238,0
53.5,71.5,0.00156964812886471,-0.0247546939560802,-0.0254411803496946,0.0285804766074241,0
53.75,71.5,0.00157087083996703,-0.024603635507955,-0.0250435366610637,0.0281852783409977,0
54,71.5,0.0015693333899457,-0.0243643196140166,-0.0245356600217685,0.0276743268016599,0
54.25,71.5,0.00155318072861307,-0.0236061345042911,-0.0233828730187442,0.0264892344759704,0
54.5,71.5,0.00153332539426467,-0.0227297688964321,-0.0220804629038729,0.0251471136924022,0
54.75,71.5,0.00150930243356378,-0.0217200816416434,-0.0206089976484549,0.0236276025155825,0
55,71.5,0.00148073068670332,-0.0205646682403353,-0.0189529938039718,0.0219144551773784,0
55.25,71.5,0.00144725749604751,-0.0192484401970833,-0.0170968523864898,0.0199913673785849,0
55.5,71.5,0.00140874977144381,-0.0177708488787055,-0.0150419309569536,0.0178594304998412,0
55.75,71.5,0.00136528507947774,-0.0161352893536062,-0.0128035147047123,0.0155340848636677,0
56,71.5,0.00131731484362693,-0.0143574588537445,-0.0104250621121143,0.0130596917993682,0
56.25,71.5,0.00126559751355979,-0.0124624190762985,-0.00799066412322192,0.0105218591503415,0
56.5,71.5,0.00121097112785703,-0.0104775866753284,-0.00566898773240104,0.00809092998811509,0
56.75,71.5,0.00115433027086818,-0.00843202855274317,-0.00388061776030996,0.00618927830204633,0
57,71.5,0.00109666599163095,-0.00635832182836197,-0.00352544906461818,0.00571878104788008,0
57.25,71.5,0.00103907120946089,-0.00429307177330798,-0.00495146805087954,0.00702961046980132,0
57.5,71.5,0.000982620773754473,-0.00227229556255973,-0.00727351846917224,0.00923876001668119,0
57.75,71.5,0.000928319300031325,-0.000329700760478155,-0.00985375867793077,0.0117103972779934,0
58,71.5,0.000877109426848186,0.00150275386940512,-0.0124332663613585,0.0141874852150548,0
58.25,71.5,0.000829896011623666,0.00319396792336451,-0.0148873657802168,0.0165471578034642,0
58.5,71.5,0.000787532036769633,0.00471466889303782,-0.0171385398428365,0.0187136039163757,0
58.75,71.5,0.000750545429849648,0.00604561302243416,-0.0191397616416357,0.020640852501335,0
59,71.5,0.000719058710132892,0.0071810510125624,-0.0208706035679703,0.0223087209882361,0
59.25,71.5,0.000692935059292347,0.00812465478643164,-0.0223298211922446,0.0237156913108293,0
59.5,71.5,0.000671780228425251,0.00888941783762482,-0.0235300860878741,0.0248736465447246,0
59.75,71.5,0.000655138336861133,0.00949105634468229,-0.0244920226172758,0.0258022992909981,0
60,71.5,0.00064248529795483,0.00994808761420116,-0.0252419396516422,0.0265269102475519,0
60.25,71.5,0.000636476645809099,0.010148223328634,-0.0256228406446224,0.0268957939362406,0
60.5,71.5,0.000633469770381575,0.0102390298501571,-0.0258437225839285,0.0271106621246916,0
60.75,71.5,0.000632916029820683,0.0102402001064764,-0.0259339358664965,0.0271997679261378,0
61,71.5,0.00063426402522602,0.0101715285195252,-0.0259229699423601,0.0271914979928121,0
61.25,71.5,0.0006431336145861,0.00984371546874328,-0.0255113032986091,0.0267975705277813,0
61.5,71.5,0.000653028792960512,0.00947839389727934,-0.0250458204987228,0.0263518780846439,0
61.75,71.5,0.000663618469335234,0.00908763674781832,-0.0245448686499279,0.0258721055885984,0
62,71.5,0.000674571552696223,0.00868351696304533,-0.0240267078430835,0.0253758509484759,0
52,71.75,-0.000661801187331091,-0.0256592524077443,-0.0276249392739589,0.0263013368992967,0
52.25,71.75,-0.000675468022071387,-0.0258979526220999,-0.0278340249583687,0.0264830889142259,0
52.5,71.75,-0.000688146162381037,-0.0261243441484934,-0.0280288989000869,0.0266526065753248,0
52.75,71.75,-0.000699088907936019,-0.026328855175488,-0.0281968457329072,0.0267986679170352,0
53,71.75,-0.000707549558412283,-0.0265019138916469,-0.0283251127717116,0.026910013654887,0
53.25,71.75,-0.000694927471298581,-0.0264725147734479,-0.0280518457874602,0.0266619908448631,0
53.5,71.75,-0.00067765282603023,-0.0263834008075361,-0.0277058464199402,0.0263505407678797,0
53.75,71.75,-0.000654313871398466,-0.0262165211578707,-0.0272633852003181,0.0259547574575211,0
54,71.75,-0.000623516476430861,-0.0259540326753483,-0.0267011436127799,0.0254541106599182,0
54.25,71.75,-0.000546004727173597,-0.0251285779937258,-0.0254473813845835,0.0243553719302363,0
54.5,71.75,-0.000458517717745277,-0.0241751026404976,-0.0240299307296834,0.0231128952941928,0
54.75,71.75,-0.000359760665267638,-0.0230771996200602,-0.0224272775003678,0.0217077561698325,0
55,71.75,-0.000248673241748247,-0.0218214275108511,-0.020622227951149,0.0201248814676525,0
55.25,71.75,-0.000123768384865911,-0.0203913760945097,-0.0185972140308669,0.0183496772611351,0
55.5,71.75,1.47941468055576e-05,-0.0187865141787816,-0.0163532204253001,0.0163828087189112,0
55.75,71.75,0.000166676575036415,-0.0170105352056559,-0.0139055455930885,0.0142388987431613,0
56,71.75,0.00033048214780183,-0.0150804654128797,-0.0112990093166238,0.0119599736122275,0
56.25,71.75,0.00050404792262456,-0.0130234678017417,-0.00862034010330508,0.0096284359485542,0
56.5,71.75,0.000685022506008749,-0.0108692532510142,-0.00604382303113758,0.00741386804315507,0
56.75,71.75,0.000870923821602825,-0.00864931765616449,-0.00401244913114381,0.00575429677434946,0
57,71.75,0.00105894948104355,-0.00639896676447397,-0.00348250295030253,0.00560040191238963,0
57.25,71.75,0.00124591382642155,-0.0041578831272881,-0.00476514733840917,0.00725697499125227,0
57.5,71.75,0.00142868147135427,-0.00196511203898303,-0.00691456642305217,0.00977192936576071,0
57.75,71.75,0.00160431575978274,0.00014280428277247,-0.00930844463515287,0.0125170761547183,0
58,71.75,0.00177001487048878,0.00213121411959295,-0.011703612986084,0.0152436427270616,0
58.25,71.75,0.00192303007515755,0.00396638965338537,-0.0139840424533223,0.0178301026036374,0
58.5,71.75,0.00206077652320117,0.00561658609696183,-0.0160777033569898,0.0201992564033922,0
58.75,71.75,0.00218149657461003,0.00706091654116383,-0.0179409074426795,0.0223039005918996,0
59,71.75,0.00228460252021642,0.00829312160203242,-0.0195545264132154,0.0241237314536483,0
59.25,71.75,0.00237036558179469,0.00931716708244041,-0.0209171509298749,0.0256578820934642,0
59.5,71.75,0.00243990534034664,0.0101471353615125,-0.0220401171009045,0.0269199277815977,0
59.75,71.75,0.00249461327783966,0.0108000710969511,-0.0229424346967167,0.027931661252396,0
60,71.75,0.00253615207933933,0.0112960639576628,-0.0236485250060839,0.0287208291647625,0
60.25,71.75,0.0025535102803907,0.0115130063044038,-0.0240172692503029,0.0291242898110843,0
60.5,71.75,0.00256088722847835,0.0116112855888395,-0.0242382881599015,0.0293600626168582,0
60.75,71.75,0.00256006666865508,0.011612271674574,-0.0243388411867265,0.0294589745240367,0
61,71.75,0.00255284166457314,0.011537444600531,-0.0243463016447606,0.0294519849739068,0
61.25,71.75,0.00252268101793183,0.0111815735240694,-0.0239769225434101,0.0290222845792737,0
61.5,71.75,0.00248908844741881,0.0107849893565566,-0.0235580940644188,0.0285362709592565,0
61.75,71.75,0.00245316684618379,0.0103607959670029,-0.0231067855635242,0.0280131192558918,0
62,71.75,0.00241601910737648,0.00992209722441885,-0.0226398785796492,0.0274719167944021,0
52,72,-0.00321110512267535,-0.0275482080345215,-0.0304864568666303,0.0240642466212796,0
52.25,72,-0.00325214800975624,-0.0278070692150017,-0.0307110526899504,0.0242067566704379,0
52.5,72,-0.00329065213744124,-0.0280524842257343,-0.0309200288472831,0.0243387245724006,0
52.75,72,-0.0033246762009913,-0.028274004332344,-0.0310994002612949,0.0244500478593123,0
53,72,-0.00335227889566733,-0.0284611808004552,-0.0312351464178852,0.0245305886265505,0
53.25,72,-0.0033309532997397,-0.0284255282848543,-0.0309237056214262,0.0242617990219468,0
53.5,72,-0.00329752530416584,-0.0283246921420491,-0.0305325139154694,0.0239374633071378,0
53.75,72,-0.00324832857920475,-0.0281389665653951,-0.030035529045993,0.0235388718875835,0
54,72,-0.00317974102700572,-0.027848872951374,-0.029407135656298,0.0230476536022866,0
54.25,72,-0.00299281505956976,-0.0269432728018797,-0.0280278014282325,0.0220421713090929,0
54.5,72,-0.00277994197720821,-0.025897927372415,-0.0264679387404483,0.0209080547860319,0
54.75,72,-0.00253777208473332,-0.0246949214136216,-0.0247034765708112,0.0196279324013445,0
55,72,-0.0022635617741945,-0.0233195780134237,-0.0227150982056122,0.0181879746572232,0
55.25,72,-0.00195367507086288,-0.0217539122178452,-0.0204827389869586,0.0165753888452329,0
55.5,72,-0.00160830350520165,-0.0199974135162855,-0.0180069172762494,0.0147903102658461,0
55.75,72,-0.00122827001438695,-0.0180541308394507,-0.0153028709586035,0.0128463309298296,0
56,72,-0.000817129702654852,-0.01594267390652,-0.0124169404931208,0.0107826810878111,0
56.25,72,-0.000380456995935761,-0.0136927094086145,-0.00943867526518827,0.00867776127331675,0
56.5,72,7.56722676122962e-05,-0.011336681785026,-0.00654774684398452,0.00669909137920911,0
56.75,72,0.000544832964661519,-0.00890898107354091,-0.00421026304461684,0.00529992897393987,0
57,72,0.00101979291213498,-0.00644816416724946,-0.00345099820268838,0.00549058402695835,0
57.25,72,0.00149237002248331,-0.00399758016370051,-0.00455323665663032,0.00753797670159694,0
57.5,72,0.00195451228458596,-0.00159988232844741,-0.0065027901206979,0.0104118146898698,0
57.75,72,0.00239868050132451,0.000705009663506459,-0.00868778528196949,0.0134851462846185,0
58,72,0.00281770009034937,0.00287923547690473,-0.0108789697218263,0.0165143699025251,0
58.25,72,0.00320455561744024,0.00488593677787768,-0.0129685237511596,0.0193776349860401,0
58.5,72,0.00355264749201921,0.00669042310349488,-0.0148899200614528,0.0219952150454913,0
58.75,72,0.00385754878651114,0.00826984978488055,-0.0166028746936731,0.0243179722666954,0
59,72,0.00411784213753491,0.00961734971902697,-0.0180895312640474,0.0263252155391173,0
59.25,72,0.00433427512070284,0.0107372388865619,-0.0193481979850818,0.0280167482264875,0
59.5,72,0.00450973510075188,0.0116448970673405,-0.0203886596814417,0.0294081298829455,0
59.75,72,0.00464777094163913,0.0123589517763304,-0.0212281068031112,0.0305236486863895,0
60,72,0.00475259914812432,0.012901366110755,-0.0218888699388076,0.0313940682350562,0
60.25,72,0.00479724447420864,0.0131383334068587,-0.0222467369529185,0.0318412259013358,0
60.5,72,0.00481674583232877,0.0132455166585953,-0.0224705148356197,0.0321040065002772,0
60.75,72,0.00481561089033538,0.0132462837472415,-0.0225851687196976,0.0322163905003684,0
61,72,0.00479837073783146,0.0131641230725907,-0.0226157487553988,0.0322124902310617,0
61.25,72,0.00472262648095554,0.0127748219398572,-0.0222935528958069,0.031738805857718,0
61.5,72,0.00463824440510003,0.0123409895850393,-0.0219267443435595,0.0312032331537596,0
61.75,72,0.00454800213731062,0.0118769581898295,-0.0215307944757095,0.0306267987503308,0
62,72,0.00445467730463303,0.0113970599359202,-0.0211210840914335,0.0300304387006996,0
52,72.25,-0.00569895791495516,-0.0294573759332587,-0.0333683811853948,0.0219704653554844,0
52.25,72.25,-0.00576676418743085,-0.0297366057925546,-0.0336092704052068,0.0220757420303451,0
52.5,72.25,-0.00583051477839005,-0.030001240545278,-0.0338331427584859,0.0221721132017058,0
52.75,72.25,-0.00588709943114177,-0.0302399456842073,-0.0340247518348614,0.0222505529725779,0
53,72.25,-0.00593340788899491,-0.0304413867021199,-0.0341688154691824,0.0223019996911926,0
53.25,72.25,-0.00590351396757223,-0.0303994265364513,-0.0338216413725171,0.0220146134373726,0
53.5,72.25,-0.00585422780909142,-0.0302867587681648,-0.0333877354467879,0.021679279828605,0
53.75,72.25,-0.00577967690118734,-0.030082005921132,-0.0328387200239695,0.0212793662215948,0
54,72.25,-0.00567405901069293,-0.0297640374342807,-0.0321466494246792,0.0207985314032934,0
54.25,72.25,-0.00538000266623872,-0.0287774942369258,-0.0306416753293286,0.0198816699968511,0
54.5,72.25,-0.00504437038386279,-0.0276393628164526,-0.0289395947777769,0.0188508540100513,0
54.75,72.25,-0.00466180160800582,-0.0263302044611968,-0.0270137612344639,0.0176901580184522,0
55,72.25,-0.0042279055379787,-0.0248340943100791,-0.0248427021003501,0.0163868910243927,0
55.25,72.25,-0.00373694239567828,-0.0231314569586821,-0.0224037791372518,0.0149298943458952,0
55.5,72.25,-0.00318913580853214,-0.0212218026142556,-0.019697037145151,0.0133187655280867,0
55.75,72.25,-0.00258578370314135,-0.0191095392412397,-0.0167375896682439,0.0115660222619612,0
56,72.25,-0.00193255353145618,-0.0168148759619814,-0.0135731846296083,0.00970807756669598,0
56.25,72.25,-0.00123835816604369,-0.0143700083869925,-0.0102958438759971,0.00781912754390971,0
56.5,72.25,-0.000512918080884305,-0.0118101420743387,-0.00708910450505402,0.0060632683432854,0
56.75,72.25,0.000233483099629304,-0.00917259039031789,-0.00443666453205815,0.00490363073131675,0
57,72.25,0.000989278280171039,-0.00649919414309002,-0.00342756545538875,0.00540612201573083,0
57.25,72.25,0.00174139578426273,-0.00383700590201823,-0.00433518691739884,0.0078179784859243,0
57.5,72.25,0.0024769721058564,-0.00123232323878392,-0.00608381169904331,0.0110377559107561,0
57.75,72.25,0.00318396390942126,0.00127152270269951,-0.00806523246421032,0.0144331602830528,0
58,72.25,0.00385091725661716,0.00363343067350937,-0.0100600874520827,0.017761921965317,0
58.25,72.25,0.0044666410400397,0.00581338033167601,-0.0119670612135007,0.0209003432935801,0
58.5,72.25,0.00502060659719132,0.00777370590373684,-0.0137243029244164,0.023765516118799,0
58.75,72.25,0.00550577439007422,0.00948958531335165,-0.0152944780860889,0.0263060268662374,0
59,72.25,0.00591991471903289,0.0109535376906066,-0.0166607796590925,0.0285006090971583,0
59.25,72.25,0.00626424109346878,0.0121702327605935,-0.017821161136842,0.0303496433237796,0
59.5,72.25,0.00654337080635403,0.013156360779253,-0.0187838708615377,0.0318706124742458,0
59.75,72.25,0.00676296408639264,0.0139321480400053,-0.0195643392000712,0.0330902673728565,0
60,72.25,0.00692973689637796,0.014521449893158,-0.0201829026613351,0.034042376454091,0
60.25,72.25,0.00700108556973205,0.0147786438579164,-0.0205307688150381,0.0345329399545022,0
60.5,72.25,0.00703244953189088,0.0148948211843527,-0.0207575668255082,0.0348224658892899,0
60.75,72.25,0.00703100246521531,0.0148953678353687,-0.0208860934753845,0.0349480984058151,0
61,72.25,0.00700395527774956,0.0148058007393417,-0.0209392023790514,0.0349471129345505,0
61.25,72.25,0.00688359424390869,0.0143827342312603,-0.0206615911051147,0.0344287795929321,0
61.5,72.25,0.00674950000419404,0.0139112800568895,-0.0203439952778946,0.0338429952862827,0
61.75,72.25,0.00660608936079228,0.0134070110375766,-0.0200004846467235,0.0332126633683081,0
62,72.25,0.00645777911589014,0.0128854999946693,-0.0196450335685134,0.0325605918002937,0
52,72.5,-0.00842726678791188,-0.031569413246258,-0.0367237955990394,0.0198692620232157,0
52.25,72.5,-0.00852443628439706,-0.0318711749045522,-0.0369835794292279,0.0199347068604338,0
52.5,72.5,-0.00861588539258046,-0.0321570705460773,-0.0372247533992506,0.0199929826140896,0
52.75,72.5,-0.00869722105021848,-0.0324147858524101,-0.0374306387850159,0.020036196684579,0
53,72.5,-0.00876405019506737,-0.032632006505127,-0.0375845188783339,0.0200564184881992,0
53.25,72.5,-0.00872473910427276,-0.0325830704386893,-0.037196660215858,0.0197471820073125,0
53.5,72.5,-0.00865803593136691,-0.0324573163388313,-0.0367141295095338,0.0193980576468,0
53.75,72.5,-0.00855564709856517,-0.0322315175871096,-0.0361058759483487,0.0189945817512184,0
54,72.5,-0.0084093778935097,-0.0318827162845975,-0.0353412785861277,0.0185225227991082,0
54.25,72.5,-0.00799773871680349,-0.0308066384768939,-0.0336900311896115,0.0176945537560045,0
54.5,72.5,-0.00752737257900365,-0.0295658721915294,-0.0318230852692257,0.0167683401112184,0
54.75,72.5,-0.00699071218977649,-0.0281392935176952,-0.0297108613089644,0.0157294369294114,0
55,72.5,-0.00638155910610423,-0.0265095971580044,-0.0273294166355071,0.0145662984232987,0
55.25,72.5,-0.00569186455366909,-0.0246554484350268,-0.0246531284098268,0.0132693993024886,0
55.5,72.5,-0.00492188766171698,-0.0225763804460507,-0.0216815264634176,0.0118377511399836,0
55.75,72.5,-0.00407344767807264,-0.0202771982994362,-0.0184295974369151,0.0102827020807699,0
56,72.5,-0.00315453023579491,-0.0177798803125327,-0.0149467249219759,0.00863766445038604,0
56.25,72.5,-0.00217771187303619,-0.0151194194928016,-0.0113276877937405,0.00697226404766816,0
56.5,72.5,-0.00115671272648727,-0.0123340756475618,-0.00775950600306637,0.00544608055009183,0
56.75,72.5,-0.000106050766678096,-0.00946439582431445,-0.00474088332992297,0.00452878179656677,0
57,72.5,0.000957949720238587,-0.00655585337762838,-0.00342961657966354,0.00534551602014072,0
57.25,72.5,0.00201685110792768,-0.00365959751671264,-0.00411019555172207,0.00814389776757743,0
57.5,72.5,0.00305250964146048,-0.000825957006140441,-0.0056408959457828,0.0117459152287038,0
57.75,72.5,0.00404793903365382,0.00189796337326749,-0.00740817852766599,0.0155040565949736,0
58,72.5,0.00498698905278637,0.00446747739969365,-0.00919917256271019,0.0191731506682829,0
58.25,72.5,0.00585388605308868,0.00683906704345268,-0.0109179077758459,0.0226256798820233,0
58.5,72.5,0.00663378946615253,0.00897177536049333,-0.0125067817248836,0.0257743606571887,0
58.75,72.5,0.0073167925028571,0.0108385929523413,-0.0139311980055993,0.0285647830113135,0
59,72.5,0.00789977386963731,0.0124313600349221,-0.015175247493752,0.0309747952330267,0
59.25,72.5,0.00838445833786705,0.0137551376383671,-0.0162364056869459,0.03300532236268,0
59.5,72.5,0.00877736164943128,0.0148280656189568,-0.0171212461603946,0.0346759694592571,0
59.75,72.5,0.00908646112614651,0.0156721387749874,-0.01784334202819,0.036016264280483,0
60,72.5,0.00932121576334409,0.0163133055885284,-0.018420963229102,0.0370633947557901,0
60.25,72.5,0.00942186923875834,0.01659287353361,-0.0187606110152526,0.0376043494927693,0
60.5,72.5,0.00946625079758282,0.0167189998329054,-0.0189926966384095,0.0379251982335751,0
60.75,72.5,0.00946445996281516,0.0167193027653677,-0.0191377937056573,0.0380667136312877,0
61,72.5,0.00942664863254546,0.0166215431313914,-0.0192165027609137,0.0380698000260046,0
61.25,72.5,0.00925732191336454,0.0161611268620632,-0.0189852849295559,0.037499928756285,0
61.5,72.5,0.00906866996642691,0.0156480570963774,-0.0187188856009238,0.0368562255337776,0
61.75,72.5,0.00886690853318095,0.0150992789972826,-0.0184299523123812,0.0361637693787431,0
62,72.5,0.00865825335507511,0.0145317377277277,-0.0181310299020416,0.0354475366121918,0
52,72.75,-0.0113398553489822,-0.0338367430451056,-0.040521414534814,0.0178417038368495,0
52.25,72.75,-0.0114683805052591,-0.0341626933229643,-0.0408027299524782,0.01786596894196,0
52.5,72.75,-0.0115894073094211,-0.0344714132167256,-0.0410636609158745,0.0178848462970324,0
52.75,72.75,-0.0116971726401919,-0.0347495365460459,-0.0412859432394487,0.017891597959065,0
53,72.75,-0.011785913376295,-0.0349836971305811,-0.0414512705491017,0.0178794437965118,0
53.25,72.75,-0.0117365346101026,-0.0349272720586221,-0.0410186913950244,0.0175456221748192,0
53.5,72.75,-0.0116512197913216,-0.0347874691900977,-0.0404826251825901,0.0171801855999469,0
53.75,72.75,-0.0115190895979775,-0.0345390767869537,-0.0398090417328864,0.0167708625369313,0
54,72.75,-0.0113293941054905,-0.0341571752385282,-0.0389643316296273,0.0163055434186463,0
54.25,72.75,-0.0107921617184235,-0.032984978700494,-0.0371476112593619,0.0155632878225149,0
54.5,72.75,-0.010177884785258,-0.031634030099141,-0.0350948569949121,0.0147390874243961,0
54.75,72.75,-0.00947663916951368,-0.0300813964026895,-0.0327732482076226,0.0138199698685953,0
55,72.75,-0.00868029582282311,-0.0283082903664875,-0.0301561001441702,0.012795508498524,0
55.25,72.75,-0.00777833972229941,-0.0262914886688092,-0.0272144429785239,0.011657763533925,0
55.5,72.75,-0.00677106810800552,-0.0240305489827344,-0.0239472818094738,0.0104051455934628,0
55.75,72.75,-0.00566085705599548,-0.0215307027652677,-0.0203695221927715,0.00904780808078056,0
56,72.75,-0.00445816812394012,-0.0188158276279226,-0.0165324812969343,0.00761614504905411,0
56.25,72.75,-0.00317949075210393,-0.0159239196831098,-0.0125341153266266,0.00617513382241874,0
56.5,72.75,-0.00184281682021209,-0.0128965175829864,-0.00856470039419109,0.0048790667537669,0
56.75,72.75,-0.000467186679611147,-0.00977763984631685,-0.00513398343139768,0.00419961007217539,0
57,72.75,0.000925994573042201,-0.00661665949510569,-0.00346719493656051,0.00531918408264491,0
57.25,72.75,0.00231255829510263,-0.00346912362721427,-0.00388874473675497,0.00851386132696024,0
57.5,72.75,0.00366872124603009,-0.000389688636244918,-0.00518937116230126,0.0125268136543614,0
57.75,72.75,0.00497221789578401,0.00257048956343927,-0.00673820419712313,0.0166826399886911,0
58,72.75,0.00620188219297767,0.0053628761537986,-0.00832429857901131,0.0207280629649666,0
58.25,72.75,0.00733704614622143,0.0079401982124087,-0.00985539117176741,0.0245294834642103,0
58.5,72.75,0.00835826389060135,0.0102579656060225,-0.0112774345376447,0.0279939623188474,0
58.75,72.75,0.00925256623823923,0.0122868207670123,-0.0125582018424107,0.0310633343188892,0
59,72.75,0.0100158795615173,0.0140178750717319,-0.0136824605760523,0.033714219699087,0
59.25,72.75,0.0106504746318102,0.0154566096296096,-0.0146470785527977,0.0359480278164182,0
59.5,72.75,0.0111648947883236,0.0166227204943389,-0.0154568551791275,0.0377866447557746,0
59.75,72.75,0.0115695921090115,0.0175401010174198,-0.0161234638438346,0.0392626480618577,0
60,72.75,0.0118769552886855,0.0182369467329738,-0.0166631022955685,0.0404170128729395,0
60.25,72.75,0.0120089072307677,0.0185405339413859,-0.0169968351094983,0.0410146495710336,0
60.5,72.75,0.0120671915333703,0.0186773408106904,-0.0172365453024982,0.0413709283692388,0
60.75,72.75,0.0120650326817154,0.0186773820914069,-0.017400605142528,0.0415306705059589,0
61,72.75,0.0120157237166531,0.0185708274612431,-0.0175073831894206,0.0415388306227267,0
61.25,72.75,0.0117940984628112,0.0180703148743106,-0.0173228166767004,0.0409110136023227,0
61.5,72.75,0.0115471753558345,0.0175125692686074,-0.0171078871262491,0.0402022378379181,0
61.75,72.75,0.0112830915140093,0.0169160090652596,-0.0168738512886735,0.0394400343166921,0
62,72.75,0.0110099840556219,0.0162990526853936,-0.0166318531985712,0.038651821309815,0
52,73,-0.0143806357604971,-0.0362119237092825,-0.0447067655427333,0.015945494021739,0
52.25,73,-0.0145419025754387,-0.0365632144799342,-0.0450122166115259,0.0159284114606485,0
52.5,73,-0.0146938142898793,-0.0368958454850012,-0.0452953478841268,0.0159077193043682,0
52.75,73,-0.0148291770276579,-0.0371953485624353,-0.0455361790211753,0.0158778249658595,0
53,73,-0.0149407969126131,-0.0374472555501873,-0.04571468148862,0.0158330876633939,0
53.25,73,-0.0148808979768765,-0.0373829832110945,-0.0452344998893773,0.0154727039356243,0
53.5,73,-0.0147761405098808,-0.0372284607493347,-0.0446412545538565,0.0150889735340948,0
53.75,73,-0.0146129448905144,-0.0369563967185084,-0.0438976720574827,0.0146717822764539,0
54,73,-0.0143778927805335,-0.0365398163230329,-0.0429668848924804,0.0142110993314135,0
54.25,73,-0.0137094949693902,-0.0352669193240399,-0.040967935334765,0.0135489453959846,0
54.5,73,-0.0129449235355442,-0.0338005365670221,-0.038711171420153,0.0128213243490646,0
54.75,73,-0.0120717930749088,-0.0321158396950403,-0.0361602839074863,0.0120166977576686,0
55,73,-0.0110799583974212,-0.030192488901796,-0.0332856267954051,0.0111257100005628,0
55.25,73,-0.00995632884299074,-0.028005282201487,-0.0300545851513457,0.0101419274653642,0
55.5,73,-0.00870124157709008,-0.0255538030416626,-0.026465657438681,0.0090631742845009,0
55.75,73,-0.00731765420355116,-0.0228437295497324,-0.0225337554022499,0.00789844699514759,0
56,73,-0.00581861393515179,-0.0199009291395738,-0.0183124781397447,0.0066752502694411,0
56.25,73,-0.00422469648979154,-0.0167665441284426,-0.0139035044794883,0.00545411149990518,0
56.5,73,-0.00255835475652387,-0.01348554825044,-0.00950046036939226,0.00438375085634453,0
56.75,73,-0.000843351832094355,-0.0101055969099082,-0.00561989824847217,0.00393319458428346,0
57,73,0.000893601257912511,-0.00668014861674279,-0.00354722472043282,0.00533442723625784,0
57.25,73,0.0026223509046942,-0.00326935792322744,-0.00367940837797665,0.00892411018736504,0
57.5,73,0.00431322448756232,6.75849300881716e-05,-0.00474223713416525,0.0133686861092899,0
57.75,73,0.00593844330059759,0.00327527985248937,-0.00607350031718629,0.0179503869183815,0
58,73,0.00747160320187207,0.00630116003579261,-0.00745884732626662,0.0224020537300108,0
58.25,73,0.00888692495309098,0.0090940187331451,-0.00880778556854725,0.0265816354747292,0
58.5,73,0.010160153302657,0.0116056642555484,-0.010068960324481,0.030389266929795,0
58.75,73,0.0112751209142148,0.0138042789615272,-0.0112120457753495,0.0337622876037791,0
59,73,0.0122267595737739,0.0156802106459787,-0.01222222526806,0.0366757444156077,0
59.25,73,0.0130179102174664,0.0172393805085855,-0.0130956344991352,0.0391314549340681,0
59.5,73,0.0136592336208713,0.0185031149540253,-0.0138352382531296,0.0411537054948722,0
59.75,73,0.0141637662926022,0.0194972963589741,-0.0144508144772702,0.0427783470624747,0
60,73,0.0145469564773226,0.0202524743917011,-0.0149565361277818,0.0440504490824271,0
60.25,73,0.0147115937318053,0.0205812254083051,-0.0152868797096644,0.044710067173275,0
60.5,73,0.0147843965105966,0.0207292217223264,-0.0155364135644338,0.045105206585627,0
60.75,73,0.0147818527752677,0.020728988760498,-0.0157213890180556,0.045285094568591,0
61,73,0.0147205359408319,0.020613219873704,-0.0158580230955747,0.0452990949772385,0
61.25,73,0.0144442937368224,0.0200707001043917,-0.0157191207446497,0.0446077082182946,0
61.5,73,0.0141365162967164,0.0194661495507085,-0.0155545615782292,0.0438275941716619,0
61.75,73,0.0138073472863682,0.0188195301017929,-0.0153742815892608,0.0429889761619973,0
62,73,0.0134669303716329,0.018150803646784,-0.0151880913684975,0.0421219521117634,0
52,73.25,-0.0156335023703194,-0.0371846204235484,-0.0464705530087285,0.0152035482680896,0
52.25,73.25,-0.0158082651271473,-0.0375463330812618,-0.0467848293661884,0.0151682991118938,0
52.5,73.25,-0.0159729072559525,-0.0378887966449994,-0.0470760070452071,0.015130192533302,0
52.75,73.25,-0.0161196450010736,-0.0381970887141666,-0.0473234085275503,0.0150841185254031,0
53,73.25,-0.0162406946068485,-0.0384562868881684,-0.0475063052415715,0.0150249160278746,0
53.25,73.25,-0.0161764521670848,-0.0383887308946259,-0.0470042075324566,0.0146513031982871,0
53.5,73.25,-0.0160636725909232,-0.038228092022673,-0.0463851463721003,0.0142578011902539,0
53.75,73.25,-0.0158876629609009,-0.0379462215498709,-0.0456105265686684,0.0138352006468665,0
54,73.25,-0.0156339047891918,-0.03751529751992,-0.0446421534975319,0.0133743439191484,0
54.25,73.25,-0.0149114215126346,-0.0362008294063964,-0.0425657100572376,0.0127428670319683,0
54.5,73.25,-0.0140848779793627,-0.0346868023387225,-0.0402226564654339,0.0120529005067086,0
54.75,73.25,-0.0131408740314197,-0.0329476066334946,-0.0375752536117197,0.0112935055488802,0
55,73.25,-0.0120684332456984,-0.0309622624603465,-0.0345926270081304,0.0104557605167335,0
55.25,73.25,-0.0108534029402171,-0.0287047512436052,-0.0312406128559565,0.00953380697552242,0
55.5,73.25,-0.00949613686170592,-0.026174668009571,-0.0275174853130848,0.00852521158967291,0
55.75,73.25,-0.00799983239923001,-0.0233778752394242,-0.0234381025907002,0.00743843779224014,0
56,73.25,-0.00637860283476296,-0.0203410608717255,-0.0190569102031722,0.00629970453364631,0
56.25,73.25,-0.0046547086255837,-0.0171066643026709,-0.0144769388348631,0.00516752158369572,0
56.5,73.25,-0.00285244189039116,-0.0137210753719752,-0.00989269165391406,0.00418780787313174,0
56.75,73.25,-0.00099751286042986,-0.0102334487327198,-0.00582196298149507,0.00382693726063535,0
57,73.25,0.000881179852253287,-0.00669892716770511,-0.00357465551930114,0.00533701522380772,0
57.25,73.25,0.00275101507011267,-0.00317956485598126,-0.0035852403072061,0.00908727044743143,0
57.5,73.25,0.00457989201277777,0.00026357867890121,-0.00455076781636307,0.0137105518419186,0
57.75,73.25,0.00633775892029095,0.00357335348232511,-0.00579370069881701,0.0184692185393989,0
58,73.25,0.0079960520028051,0.00669553028570285,-0.00709782246005078,0.023089926465661,0
58.25,73.25,0.00952688465852243,0.00957728025579086,-0.00837326762646147,0.0274270369435063,0
58.5,73.25,0.0109040187304393,0.0121688854022578,-0.00956975718539645,0.0313777946462751,0
58.75,73.25,0.0121099682550745,0.0144375134290296,-0.0106577353074152,0.0348776718175641,0
59,73.25,0.0131392549053084,0.0163731969099471,-0.0116225511023688,0.0379010609129855,0
59.25,73.25,0.0139949546650714,0.0179820382695775,-0.0124600247336167,0.0404499340637596,0
59.5,73.25,0.0146886013108596,0.0192860360454408,-0.013172368533882,0.0425495711556013,0
59.75,73.25,0.0152342969116408,0.0203118927867202,-0.0137685735961275,0.0442371674194091,0
60,73.25,0.0156487511773635,0.0210911289923553,-0.0142619719655215,0.0455594743202485,0
60.25,73.25,0.0158268643727753,0.0214302546302688,-0.0145925640339796,0.0462462927795302,0
60.5,73.25,0.0159056527351289,0.0215828618754804,-0.0148477759701029,0.0466590814403606,0
60.75,73.25,0.0159029497799208,0.0215825116128053,-0.0150429853886255,0.0468488849484671,0
61,73.25,0.0158366814432477,0.0214629380120108,-0.0151935237446677,0.0468668866311631,0
61.25,73.25,0.0155379200244646,0.0209030914368876,-0.0150742665775023,0.0461501066264314,0
61.5,73.25,0.0152050516336336,0.0202792352171691,-0.0149312677429305,0.0453413710101977,0
61.75,73.25,0.0148490472554294,0.0196119678445017,-0.01477392147168,0.0444720159825388,0
62,73.25,0.0144808778745267,0.0189218878105322,-0.0146114916578273,0.0435732474068808,0
52,73.5,-0.0169394801709851,-0.0382018754914397,-0.0483359785887725,0.0144570182468024,0
52.25,73.5,-0.0171283132503483,-0.0385744872659886,-0.0486597414512023,0.0144031149505056,0
52.5,73.5,-0.0173062275197609,-0.0389272336383218,-0.0489595825979735,0.0143471275584516,0
52.75,73.5,-0.017464824187355,-0.0392447171735158,-0.0492140900927272,0.0142844417180171,0
53,73.5,-0.0175957044612625,-0.0395115404366463,-0.0494017977231292,0.0142103888006042,0
53.25,73.5,-0.017526930812032,-0.0394405506634761,-0.0488769873637067,0.0138231257396427,0
53.5,73.5,-0.0174057845404657,-0.0392735155678499,-0.0482310978752165,0.0134195287942851,0
53.75,73.5,-0.0172164119529239,-0.0389813899038636,-0.0474241374740578,0.01299131356821,0
54,73.5,-0.0169431474931838,-0.0385354657701424,-0.046416508827531,0.0125302138411633,0
54.25,73.5,-0.0161642690244482,-0.0371775236100284,-0.0442582973160927,0.0119297592671963,0
54.5,73.5,-0.0152731073249601,-0.0356136712585644,-0.0418242359234662,0.0112780212735459,0
54.75,73.5,-0.0142552042029372,-0.0338174819357767,-0.039075081573708,0.0105646731678335,0
55,73.5,-0.0130987165496614,-0.0317673064861181,-0.0359786664219558,0.00978123332263295,0
55.25,73.5,-0.0117883843195852,-0.0294362723633506,-0.0324991946851317,0.00892242604596129,0
55.5,73.5,-0.0103245785959002,-0.0268239866986089,-0.0286347113562913,0.0079855541644909,0
55.75,73.5,-0.00871074679093193,-0.0239365047658713,-0.0244000338005347,0.00697854021867084,0
56,73.5,-0.00696211373707969,-0.0208013725919762,-0.0198505329026621,0.00592630542850272,0
56.25,73.5,-0.00510269649090732,-0.0174623860335769,-0.0150907234931195,0.00488533051130487,0
56.5,73.5,-0.00315870484677855,-0.0139674158669601,-0.0103160553783201,0.00399864568476299,0
56.75,73.5,-0.00115787921624906,-0.0103671846315032,-0.00604485535102026,0.00372909691852214,0
57,73.5,0.000868600896239068,-0.00671859649071704,-0.00360969826849655,0.00534690006097469,0
57.25,73.5,0.00288554148801298,-0.00308569221664067,-0.00348935060538091,0.00926043358140686,0
57.5,73.5,0.00485831004345524,0.000468513807127522,-0.00435301165387231,0.0140696317407828,0
57.75,73.5,0.00675448478865317,0.00388504165215334,-0.00550485150759168,0.019013821084898,0
58,73.5,0.00854325015935648,0.00710792348125766,-0.00672577714453221,0.0238122774632452,0
58.25,73.5,0.0101945222890301,0.0100826341153853,-0.00792623172633357,0.0283152763043938,0
58.5,73.5,0.0116799955240114,0.0127578593884648,-0.00905689586636539,0.0324168869143882,0
58.75,73.5,0.0129808090073123,0.0150997058998342,-0.0100889271537287,0.0360505451683533,0
59,73.5,0.0140910567847632,0.0170978765729244,-0.0110078017379569,0.0391899153074833,0
59.25,73.5,0.0150140599031088,0.0187586633547195,-0.0118089940581031,0.0418371138643207,0
59.5,73.5,0.0157622623758207,0.0201047676865026,-0.0124939312870201,0.0440184560386615,0
59.75,73.5,0.0163508772901476,0.021163749837569,-0.01307079325641,0.0457725478367052,0
60,73.5,0.0167979296420867,0.0219681455818397,-0.0135520512584657,0.0471479105426392,0
60.25,73.5,0.0169900935932783,0.0223181207995165,-0.0138832072340277,0.0478633944205843,0
60.5,73.5,0.017075122738304,0.0224755500776599,-0.0141445253989359,0.0482947708755438,0
60.75,73.5,0.0170722535585557,0.0224750771618037,-0.0143504945344234,0.0484950016515348,0
61,73.5,0.0170008222204856,0.0223515246886478,-0.0145155451539976,0.0485171895949688,0
61.25,73.5,0.0166785806325486,0.0217735581060554,-0.014416365794204,0.0477735270593011,0
61.5,73.5,0.0163195505981674,0.0211295124282898,-0.014295398461245,0.0469344996575798,0
61.75,73.5,0.0159355657229294,0.0204406518926004,-0.0141614896366095,0.0460326210824683,0
62,73.5,0.015538459612422,0.0197282407362368,-0.014023350017505,0.045100269242349,0
52,73.75,-0.0182814932608475,-0.0392488317230678,-0.0502826943189741,0.0137197077972791,0
52.25,73.75,-0.0184847861533049,-0.0396326614082897,-0.0506165227955904,0.0136469504889806,0
52.5,73.75,-0.0186763399179012,-0.0399959913376825,-0.05092557120711,0.0135728913713076,0
52.75,73.75,-0.0188471236726647,-0.0403229351344175,-0.0511876640189483,0.0134934166736189,0
53,73.75,-0.0189881065356233,-0.0405976064216655,-0.0513805678807909,0.0134043548095442,0
53.25,73.75,-0.0189146746680573,-0.040523081713699,-0.0508325182178589,0.0130031688817443,0
53.5,73.75,-0.0187849283415496,-0.0403494625081331,-0.0501591030323575,0.0125892463492582,0
53.75,73.75,-0.0185818208994778,-0.0400467807878705,-0.0493188748269734,0.0121552330280177,0
54,73.75,-0.0182885079106978,-0.0395854167685231,-0.0482707738400351,0.0116937580186395,0
54.25,73.75,-0.0174516687728278,-0.0381827269794702,-0.0460274307746395,0.0111240932289838,0
54.5,73.75,-0.0164940954227656,-0.0365675898174549,-0.0434986571542271,0.0105104663086958,0
54.75,73.75,-0.015400242295475,-0.0347127374829054,-0.0406436497353303,0.00984316514438025,0
55,73.75,-0.0141573755633685,-0.0325958318985545,-0.0374288980567889,0.00911414693005178,0
55.25,73.75,-0.0127490970846763,-0.0301891215334025,-0.0338169111087447,0.0083187169393921,0
55.5,73.75,-0.0111757957863746,-0.027492225989975,-0.0298055042351379,0.00745391266238877,0
55.75,73.75,-0.00944117604333278,-0.024511398982443,-0.0254094707026159,0.00652711861595038,0
56,73.75,-0.00756160506882458,-0.0212750697523091,-0.0206851819852913,0.00556197184764217,0
56.25,73.75,-0.00556290523199303,-0.0178284303324226,-0.0157387672115608,0.00461295674757478,0
56.5,73.75,-0.00347325718116851,-0.014220875795043,-0.0107667204071119,0.00382020604477487,0
56.75,73.75,-0.00132248780494722,-0.0105047424703536,-0.00628726284734092,0.0036422872374465,0
57,73.75,0.000855879248232725,-0.00673874747341621,-0.00365318526324104,0.00536494375970649,0
57.25,73.75,0.00302400579864357,-0.00298897633616709,-0.00339390428310698,0.00944191588039412,0
57.5,73.75,0.00514465738291907,0.000679544459918551,-0.00415254459956618,0.0144418593654043,0
57.75,73.75,0.00718297648540153,0.004205951431263,-0.00521196696402968,0.0195779199348327,0
58,73.75,0.00910583331655475,0.00753248726607474,-0.00634910562880537,0.0245607722619149,0
58.25,73.75,0.0108808858031724,0.0106028807684746,-0.00747434802891145,0.0292361196352562,0
58.5,73.75,0.0124777034524592,0.0133641748588718,-0.00853918700489718,0.0334945939098155,0
58.75,73.75,0.0138760123735211,0.0157813839583131,-0.00951541777827616,0.0372674425253184,0
59,73.75,0.0150694671146254,0.0178438716826375,-0.0103885985176783,0.0405275327469291,0
59.25,73.75,0.0160616405754553,0.0195581250475853,-0.0111538311142241,0.0432771122651347,0
59.5,73.75,0.016865912248545,0.0209475689783804,-0.0118117360586269,0.0455435605557169,0
59.75,73.75,0.0174986370542306,0.0220406465796327,-0.0123696702637363,0.0473669443721975,0
60,73.75,0.0179791917578105,0.0228709386302138,-0.0128392385872994,0.0487976221029205,0
60.25,73.75,0.0181857961255739,0.0232320810969757,-0.0131713277979788,0.0495429200491267,0
60.5,73.75,0.0182772390611165,0.0233944735651453,-0.0134391421751472,0.0499936202973801,0
60.75,73.75,0.0182741989289931,0.0233938743509335,-0.0136562815655388,0.0502046794235249,0
61,73.75,0.0181974612448058,0.023266226432107,-0.0138362753722002,0.0502311978618119,0
61.25,73.75,0.0178510881056239,0.0226696091977021,-0.0137572840276898,0.0494594602389376,0
61.5,73.75,0.0174651706590757,0.0220047828147892,-0.013658464275334,0.0485888055934854,0
61.75,73.75,0.0170524290613261,0.0212936967621251,-0.0135481183878131,0.0476529765104653,0
62,73.75,0.01662558346854,0.0205583005184672,-0.0134344069440477,0.0466855738811277,0
52,74,-0.0196424657382602,-0.0403106319285438,-0.0522884561745531,0.0130035246980328,0
52.25,74,-0.01986042304428,-0.0407058398823401,-0.0526328311383031,0.0129119850497431,0
52.5,74,-0.0200658092869699,-0.0410799046157954,-0.0529515419715671,0.0128199233976273,0
52.75,74,-0.0202489525431647,-0.0414164437908066,-0.0532216289572909,0.0127237238709614,0
53,74,-0.020400180889699,-0.04169907506927,-0.0534200707651448,0.0126197089857468,0
53.25,74,-0.0203220244914997,-0.0416209632413483,-0.0528485246043252,0.0122044756213257,0
53.5,74,-0.0201835559772162,-0.04144066396679,-0.0521472043987122,0.0117800924442799,0
53.75,74,-0.0199665188334573,-0.0411272732092758,-0.0512731647479642,0.0113401270810496,0
54,74,-0.0196528730599218,-0.0406502462098852,-0.0501838408625819,0.0108780947427383,0
54.25,74,-0.0187572520257707,-0.0392021645592561,-0.0478529820185455,0.0103384779670042,0
54.5,74,-0.0177323261232082,-0.037535004506301,-0.0452268790487143,0.00976222680229779,0
54.75,74,-0.0165614470150468,-0.0356206451558991,-0.0422631311585978,0.00914023712850419,0
55,74,-0.0152309775408782,-0.0334360496170994,-0.0389268524332965,0.00846489735154012,0
55.25,74,-0.0137233653390714,-0.0309525747264401,-0.0351788141910359,0.00773208351289307,0
55.5,74,-0.0120390174398308,-0.0281698527648675,-0.0310166055947918,0.00693857071513024,0
55.75,74,-0.0101818988211084,-0.0250943387425084,-0.0264550151933725,0.00609121755115572,0
56,74,-0.00816953525672023,-0.0217553578047076,-0.0215514827832595,0.00521241226981904,0
56.25,74,-0.00602957999507141,-0.0181995182104699,-0.0164138727710951,0.00435471278095225,0
56.5,74,-0.00379221244904349,-0.0144777612158722,-0.0112398421259652,0.00365541722787819,0
56.75,74,-0.00148937553191957,-0.0106440601133658,-0.00654699283106213,0.00356824176722298,0
57,74,0.000843029766597131,-0.00675897100344027,-0.00370548352602263,0.0053915430592169,0
57.25,74,0.00316448364225289,-0.00289065354552197,-0.00330085316606804,0.00962982045057381,0
57.5,74,0.0054351128344936,0.000893824782425736,-0.00395273293187686,0.0148229586008641,0
57.75,74,0.00761758959025328,0.00453168988894305,-0.00491976975860616,0.0201549489391127,0
58,74,0.00967643711942841,0.00796336928377175,-0.00597379981751858,0.0253266740563754,0
58.25,74,0.0115770231595077,0.0111308206716047,-0.00702476589975627,0.0301788122187716,0
58.5,74,0.0132867622848684,0.0139794204581812,-0.00802480473005457,0.0345983292997914,0
58.75,74,0.0147839475562939,0.0164730751888389,-0.00894625997227344,0.0385141550848612,0
59,74,0.016061787797382,0.0186008042868132,-0.00977472347583597,0.0418982990705999,0
59.25,74,0.0171241113259876,0.0203692926317485,-0.0105049021926901,0.0447531248446653,0
59.5,74,0.0179852463618232,0.021802699022244,-0.0111365995952551,0.0471070923189015,0
59.75,74,0.0186627058299975,0.0229303620810233,-0.0116763500561134,0.0490017617161085,0
60,74,0.0191772374108532,0.0237869226075374,-0.0121348992836396,0.0504893741053461,0
60.25,74,0.019398486701922,0.0241593927035739,-0.0124683234214005,0.0512652968252445,0
60.5,74,0.0194964342445609,0.0243268195742175,-0.0127429728277022,0.0517358413168241,0
60.75,74,0.0194932207090536,0.0243260921236349,-0.0129715717403323,0.0519580131584395,0
61,74,0.0194111014884683,0.0241942897708805,-0.0131667618733872,0.0519889648503238,0
61.25,74,0.01904025498824,0.0235787537976349,-0.0131077745540093,0.0511882845304892,0
61.5,74,0.0186270692851162,0.0228928480073859,-0.013030894648191,0.0502850332184235,0
61.75,74,0.0181851636430769,0.0221592169691121,-0.0129438921118362,0.04931421939799,0
62,74,0.0177281573261019,0.0214005052517926,-0.0128543889065437,0.0483107035587475,0
